ticker_bloomberg,ticker_DB,name,gics_sector
000250 KS,000250_KS,Sam Chun Dang Pharm Ltd,Health Care
000440 KS,000440_KS,Joong Ang Enervis Co Ltd,
001000 KS,001000_KS,SillaTextile,
001540 KS,001540_KS,AHN-GOOK PHARMACEUTICAL Co Ltd,
001810 KS,001810_KS,MOORIM SP CO Ltd,
001840 KS,001840_KS,EehwaConstruction,
002230 KS,002230_KS,PS Tec. Co Ltd,
002290 KS,002290_KS,SAMIL ENTERPRISE CO Ltd,
002680 KS,002680_KS,"HANTOP CO,.LTD",
002800 KS,002800_KS,SINSIN PHARMACEUTICAL Co Ltd,
003100 KS,003100_KS,"SUN KWANG Co.,Ltd",
003310 KS,003310_KS,Daejoo Inc,
003380 KS,003380_KS,JEIL HOLDINGS LTD,Consumer Staples
003800 KS,003800_KS,AceBed,
004590 KS,004590_KS,KoreaFurniture,
004650 KS,004650_KS,Changhae Ethanol Co Ltd,
004780 KS,004780_KS,DaeryukCan,
005160 KS,005160_KS,DONGKUK INDUSTRIES CO Ltd,
005290 KS,005290_KS,DONGJIN SEMICHEM LTD,Materials
005670 KS,005670_KS,FOODWELL CORPORATION CO Ltd,
005710 KS,005710_KS,Daewonsanup,
005860 KS,005860_KS,HANIL FEED Co.Ltd,
005990 KS,005990_KS,MAEIL HOLDINGS LTD,Consumer Staples
006050 KS,006050_KS,KUKYOUNG G＆M CO Ltd,
006140 KS,006140_KS,PJ ELECTRONICS CO Ltd,
006580 KS,006580_KS,DaeyangPaperMfg,
006620 KS,006620_KS,DongKoo Bio & Pharma Co Ltd,
006730 KS,006730_KS,SEOBU T&D CO. LTD.,Consumer Discretionary
006910 KS,006910_KS,BOSUNG POWERTEC CO Ltd,
006920 KS,006920_KS,MOHENZ CO Ltd,
007330 KS,007330_KS,Pureun Mutual Savings Bank,
007370 KS,007370_KS,JIN YANG PHARMACEUTICAL. CO Ltd,
007390 KS,007390_KS,Naturecell Ltd,Consumer Staples
007530 KS,007530_KS,YM CO Ltd,
007680 KS,007680_KS,DAEWON CO Ltd,
007720 KS,007720_KS,Daemyung Sonoseason Co Ltd,
007770 KS,007770_KS,Hanil Chemical Ind Co Ltd,
007820 KS,007820_KS,SMCore INC,
008290 KS,008290_KS,WonpungMulsan,
008370 KS,008370_KS,WonpoongCorporation,
008470 KS,008470_KS,BOOSTER CO Ltd,
008830 KS,008830_KS,DaedongGear,
009300 KS,009300_KS,Sam-A Pharm. Co. Ltd,
009520 KS,009520_KS,POSCO M-TECH CO Ltd,
009620 KS,009620_KS,SAMBO INDUSTRIAL CO Ltd,
009730 KS,009730_KS,KOSSEN CO Ltd,
009780 KS,009780_KS,MSC CO Ltd,
010170 KS,010170_KS,Taihan Fiberoptics Co Ltd,Information Technology
010240 KS,010240_KS,HEUNGKUK METALTECH CO Ltd,
010280 KS,010280_KS,SSANGYONG INFORMATION ＆ COMMUNICATIONS CORP,
010470 KS,010470_KS,ORICOM Inc,
011040 KS,011040_KS,KyungDong pharm. Co Ltd,
011080 KS,011080_KS,HYUNGJI Innovation and Creative Company Limited,
011320 KS,011320_KS,UNICK CO Ltd,
011370 KS,011370_KS,Seohan,
011560 KS,011560_KS,"SEBO MANUFACTURING,  ENGINEERING ＆ CONSTRUCTION CORPORATION",
012340 KS,012340_KS,NUIN TEK CO Ltd,
012620 KS,012620_KS,WonilSpecialSteel,
012700 KS,012700_KS,"The LEADCORP, Inc",
012790 KS,012790_KS,SHINIL PHARMACEUTICAL CO Ltd,
012860 KS,012860_KS,MOBASE ELECTRONICS CO Ltd,
013030 KS,013030_KS,HY-LOK CORP.,Industrials
013120 KS,013120_KS,DONGWON DEVELOPMENT CO. LTD.,Real Estate
013310 KS,013310_KS,A-JIN INDUSTRIAL CO Ltd,
013720 KS,013720_KS,CHEONGBO INDUSTRIAL CO Ltd,
013810 KS,013810_KS,Speco,
013990 KS,013990_KS,AGABANG&COMPANY,
014100 KS,014100_KS,Medience Co Ltd,
014190 KS,014190_KS,WONIK CUBE CORP,
014200 KS,014200_KS,KANGLIM Co Ltd,
014470 KS,014470_KS,Bubang Co Ltd,
014570 KS,014570_KS,KOREAN DRUG CO Ltd,
014620 KS,014620_KS,SUNG KWANG BEND CO. LTD.,Industrials
014940 KS,014940_KS,ORIENTAL PRECISION & ENGINEERING CO Ltd,
014970 KS,014970_KS,Samryoong,
015710 KS,015710_KS,KOCOM CO Ltd,
015750 KS,015750_KS,SUNGWOO HITECH CO. LTD.,Consumer Discretionary
016100 KS,016100_KS,LEADERS COSMETICS LTD,Consumer Staples
016250 KS,016250_KS,SGC eTEC E&C Co Ltd,
016600 KS,016600_KS,Q Capital Partners Co Ltd,
016670 KS,016670_KS,INFINITY NT. CO Ltd,
016790 KS,016790_KS,CANARIABIO Inc,Consumer Staples
016920 KS,016920_KS,CAS Corporation,
017000 KS,017000_KS,ShinwonConstruction,
017250 KS,017250_KS,INTER-M CORPORATION CO Ltd,
017480 KS,017480_KS,SAM HYUN STEEL CO Ltd,
017510 KS,017510_KS,SemyungElectricMachinery,
017650 KS,017650_KS,DaelimPaper,
017890 KS,017890_KS,KOREA ALCHOHOL INDUSTRIAL CO Ltd,
018000 KS,018000_KS,Unison Ltd,Industrials
018120 KS,018120_KS,JinroDistillers,
018290 KS,018290_KS,VT GMP Co Ltd,
018310 KS,018310_KS,SAMMOK S-FORM CO Ltd,
018620 KS,018620_KS,"WooGeneB&GCO.,Ltd",
018680 KS,018680_KS,SEOUL PHARMA CO Ltd,
018700 KS,018700_KS,Barunson,
019010 KS,019010_KS,VenueG Co Ltd,
019210 KS,019210_KS,YG-1 CO Ltd,
019540 KS,019540_KS,ILJI TECHNOLOGY CO Ltd,
019550 KS,019550_KS,SBI Investment KOREA Co Ltd,
019570 KS,019570_KS,"Leaders Technology Investment Co.,Ltd",
019590 KS,019590_KS,"M-VENTURE INVESTMENT, INC",
019660 KS,019660_KS,GLOBON CO Ltd,
019770 KS,019770_KS,SEOYON TOPMETAL CO Ltd,
019990 KS,019990_KS,ENERTORK CO Ltd,
020180 KS,020180_KS,DAISHIN INFORMATION ＆ COMMUNICATIONS CO Ltd,
020400 KS,020400_KS,DaedongMetal,
020710 KS,020710_KS,SIGONG TECH Co Ltd,
021040 KS,021040_KS,dhSteel,
021080 KS,021080_KS,Atinum Investment Co Ltd,
021320 KS,021320_KS,KCC ENGINEERING & CONSTRUCTION CO Ltd,
021650 KS,021650_KS,CUBIC KOREA INC,
021880 KS,021880_KS,MASON CAPITAL CORPORATION,
022100 KS,022100_KS,POSCO ICT CO. LTD.,Information Technology
022220 KS,022220_KS,TKG AIKANG CO Ltd,
023160 KS,023160_KS,TK CORPORATION,
023410 KS,023410_KS,Eugene Corp,Materials
023440 KS,023440_KS,J Steel Company Holdings Inc,
023460 KS,023460_KS,CNH C0 Ltd,
023600 KS,023600_KS,SAMBO CORRUGATED BOARD CO Ltd,
023760 KS,023760_KS,Han Kook Capital Co Ltd,
023770 KS,023770_KS,PLAYWITH Inc,
023790 KS,023790_KS,DongilSteel,
023900 KS,023900_KS,Pungguk Ethanol Co Ltd,
023910 KS,023910_KS,DaehanPharmaceutical,
024060 KS,024060_KS,HeunguOil,
024120 KS,024120_KS,KB Autosys Co Ltd,
024740 KS,024740_KS,HANIL FORGING IND CO Ltd,
024800 KS,024800_KS,YOOSUNG T&S CO Ltd,
024810 KS,024810_KS,EHWA TECHNOLOGIES INFORMATION CO Ltd,
024830 KS,024830_KS,SewonCorporation,
024840 KS,024840_KS,KBI METAL CO Ltd,
024850 KS,024850_KS,HLB innoVation Co Ltd,
024880 KS,024880_KS,Korea Parts ＆ Fasteners Co Ltd,
024910 KS,024910_KS,KYUNG CHANG INDUSTRIAL CO Ltd,
024940 KS,024940_KS,PNPOONGNYUN CO Ltd,
024950 KS,024950_KS,SAMCHULY BICYCLE CO Ltd,
025320 KS,025320_KS,SYNOPEX CO Ltd,
025440 KS,025440_KS,DHAUTOWARE Co Ltd,
025550 KS,025550_KS,HANKUK STEEL WIRE CO Ltd,
025770 KS,025770_KS,KoreaInformation&Communication,
025870 KS,025870_KS,SILLA SG CO Ltd,
025880 KS,025880_KS,KC FEED CO Ltd,
025900 KS,025900_KS,Dongwha Holdings Ltd,Materials
025950 KS,025950_KS,DongshinEngineering&Construction,
025980 KS,025980_KS,EMERSON PACIFIC INC,Consumer Discretionary
026040 KS,026040_KS,"J.ESTINA Co.,Ltd",
026150 KS,026150_KS,TUKSU ENGINEERING ＆ CONSTRUCTION CO Ltd,
026910 KS,026910_KS,KwangjinInd,
027040 KS,027040_KS,SEOUL ELECTRONICS & TELECOM,
027050 KS,027050_KS,Coreana Cosmetics Co.Ltd,Consumer Staples
027360 KS,027360_KS,AJU IB INVESTMENT CO Ltd,
027580 KS,027580_KS,SANG BO CORP,
027710 KS,027710_KS,FarmStory CO Ltd,
027830 KS,027830_KS,"Daesung Private Equity, Inc",
028080 KS,028080_KS,Humax Holdings Co Ltd,
028300 KS,028300_KS,HLB CO LTD,Health Care
029480 KS,029480_KS,Kwangmu Co Ltd,
029960 KS,029960_KS,Korea Environment Technology Ltd,Industrials
030190 KS,030190_KS,NICE INFORMATION SERVICE LTD,Financials
030350 KS,030350_KS,Dragonfly GF Co Ltd,
030520 KS,030520_KS,HANCOM INC,Information Technology
030530 KS,030530_KS,WONIK HOLDINGS LTD,Information Technology
030960 KS,030960_KS,Yangjisa,
031310 KS,031310_KS,EYESVISION CORPORATION,
031330 KS,031330_KS,SAMT CO Ltd,
031510 KS,031510_KS,AUSTEM CO Ltd,
031860 KS,031860_KS,NSN Co Ltd,
031980 KS,031980_KS,PSK HOLDINGS INC,
032080 KS,032080_KS,AZTECHWB CO Ltd,
032190 KS,032190_KS,DAOU DATA CORP,
032280 KS,032280_KS,SamIl,
032300 KS,032300_KS,KOREA PHARMA Co Ltd,
032500 KS,032500_KS,Kmw Ltd,Information Technology
032540 KS,032540_KS,TJ MEDIA CO Ltd,
032580 KS,032580_KS,Fidelix Co Ltd,
032620 KS,032620_KS,UBCARE CO Ltd,
032680 KS,032680_KS,SOFTCEN CO Ltd,
032750 KS,032750_KS,SAM JIN CO Ltd,
032790 KS,032790_KS,MGEN SOLUTIONS CO Ltd,
032800 KS,032800_KS,Fantagio Corp,
032820 KS,032820_KS,"Woori Technology, Incorporation",
032850 KS,032850_KS,BITCOMPUTER CO Ltd,
032860 KS,032860_KS,"Human N, Inc",
032940 KS,032940_KS,Wonik Corp,
032960 KS,032960_KS,Dongil Technology Co Ltd,
032980 KS,032980_KS,BYON Co Ltd,
033050 KS,033050_KS,JEONGMOON INFORMATION CO Ltd,
033100 KS,033100_KS,CHERYONG ELECTRIC CO Ltd,
033130 KS,033130_KS,DigitalChosun,
033160 KS,033160_KS,MK ELECTRON CO Ltd,
033170 KS,033170_KS,Signetics Co Ltd,
033200 KS,033200_KS,MOATECH CO Ltd,
033230 KS,033230_KS,INSUNG INFORMATION CO Ltd,
033290 KS,033290_KS,Cowell Fashion Ltd,Consumer Discretionary
033310 KS,033310_KS,"M2N Co.,Ltd",
033320 KS,033320_KS,"JCH Systems, Inc",
033340 KS,033340_KS,GOOD PEOPLE CO Ltd,
033500 KS,033500_KS,DONGSUNG FINETEC CO Ltd,
033540 KS,033540_KS,PARATECH CO Ltd,
033560 KS,033560_KS,BLUECOM CO Ltd,
033640 KS,033640_KS,Nepes Corp,Information Technology
033790 KS,033790_KS,"Skymoons Technology, Inc",
033830 KS,033830_KS,TBC,
034230 KS,034230_KS,PARADISE LTD,Consumer Discretionary
034810 KS,034810_KS,Haesung Industrial Co Ltd,
034940 KS,034940_KS,ChoA Pharmaceutical Co Ltd,
034950 KS,034950_KS,Korea Ratings Corporation,
035080 KS,035080_KS,INTERPARK HOLDINGS CORP,Consumer Discretionary
035200 KS,035200_KS,PLUMB FAST CO Ltd,
035290 KS,035290_KS,"Gold&S Co.,Ltd",
035460 KS,035460_KS,KISANTELECOM CO Ltd,
035600 KS,035600_KS,Kginicis Co Ltd,Information Technology
035610 KS,035610_KS,"SOLBORN, Inc",
035620 KS,035620_KS,T-Entertainment Co Ltd,
035760 KS,035760_KS,CJ O SHOPPING LTD,Communication Services
035810 KS,035810_KS,Easy Holdings Co Ltd,
035890 KS,035890_KS,SEOHEE CONSTRUCTION CO Ltd,
035900 KS,035900_KS,Jyp Entertainment Corp.,Consumer Discretionary
036000 KS,036000_KS,YeaRimDang Publishing Co Ltd,
036010 KS,036010_KS,ABCO ELECTRONICS CO Ltd,
036030 KS,036030_KS,kt alpha Co Ltd,
036090 KS,036090_KS,WIZIT Co Ltd,
036120 KS,036120_KS,SCI Information Service Inc,
036170 KS,036170_KS,Cloud Air Co Ltd,
036180 KS,036180_KS,GW Vitek Co Ltd,
036190 KS,036190_KS,GEUMHWA PSC CO Ltd,
036200 KS,036200_KS,UNISEM CO Ltd,
036480 KS,036480_KS,Daesung Microbiological Labs. Co. Ltd,
036540 KS,036540_KS,SFA Semicon Co. Ltd,Information Technology
036560 KS,036560_KS,YOUNG POONG PRECISION CO Ltd,
036620 KS,036620_KS,GAMSUNG Corporation Co Ltd,
036630 KS,036630_KS,"Sejong Telecom, Inc",
036640 KS,036640_KS,HRS Co Ltd,
036670 KS,036670_KS,KCI Limited,
036690 KS,036690_KS,COMMAX CO Ltd,
036710 KS,036710_KS,SIMMTECH HOLDINGS Co Ltd,
036800 KS,036800_KS,NICE INFORMATION & TELECOMMUNICATION INC,
036810 KS,036810_KS,Fine Semitech Corp,Information Technology
036830 KS,036830_KS,SOULBRAIN LTD,Materials
036890 KS,036890_KS,JINSUNG T.E.C,
036930 KS,036930_KS,JUSUNG ENGINEERING CO. LTD.,Information Technology
037030 KS,037030_KS,POWERNET TECHNOLOGIES CO Ltd,
037070 KS,037070_KS,PASECO CO Ltd,
037230 KS,037230_KS,HANKUK PACKAGE CO Ltd,
037330 KS,037330_KS,INZI DISPLAY CO Ltd,
037350 KS,037350_KS,SUNGDO ENGINEERING ＆ CONSTRUCTION CO Ltd,
037370 KS,037370_KS,EG Co Ltd,
037400 KS,037400_KS,WOOREE ENTERPRISE  CO Ltd,
037440 KS,037440_KS,Heerim Architects ＆ Planners Co Ltd,
037460 KS,037460_KS,SAMJI ELECTRONICS CO Ltd,
037760 KS,037760_KS,CENIT CO Ltd,
037950 KS,037950_KS,ELCOMTEC CO Ltd,
038010 KS,038010_KS,JEIL TECHNOS CO Ltd,
038060 KS,038060_KS,LUMENS CO Ltd,
038070 KS,038070_KS,Seoulin Bioscience Co Ltd,
038110 KS,038110_KS,ECOPLASTIC CORPORATION,
038290 KS,038290_KS,"Macrogen, Inc",
038340 KS,038340_KS,MUGUNGHWA INFORMATION TECHNOLOGY CO Ltd,
038390 KS,038390_KS,RedcapTour Co Ltd,
038460 KS,038460_KS,BioSmart Co Ltd,
038500 KS,038500_KS,SAMPYO Cement Co. Ltd,Materials
038530 KS,038530_KS,KBIO COMPANY Inc,
038540 KS,038540_KS,Sangsangin Co. Ltd,Financials
038620 KS,038620_KS,"WIZ CORP, Inc",
038680 KS,038680_KS,S NET SYSTEMS INC,
038870 KS,038870_KS,EcoBio Holdings Co Ltd,
038880 KS,038880_KS,"iA, Inc",
038950 KS,038950_KS,FINEDIGITAL Inc,
039010 KS,039010_KS,HYUNDAI HT CO Ltd,
039020 KS,039020_KS,EAGON HOLDINGS CO Ltd,
039030 KS,039030_KS,EO TECHNICS LTD,Information Technology
039200 KS,039200_KS,Oscotec Inc,Health Care
039240 KS,039240_KS,KYEONG NAM STEEL CO Ltd,
039290 KS,039290_KS,INFOBANK CORP,
039310 KS,039310_KS,SEJOONG CO Ltd,
039340 KS,039340_KS,The Korea Economic Broadcasting CO Ltd,
039420 KS,039420_KS,KOREA LOGISTICS NETWORK CO Ltd,
039440 KS,039440_KS,STI CO Ltd,
039560 KS,039560_KS,"DASAN Networks, Inc",
039610 KS,039610_KS,HS VALVE CO Ltd,
039740 KS,039740_KS,Korea Information Engineering Services Co Ltd,
039830 KS,039830_KS,AURORA WORLD Corporation,
039840 KS,039840_KS,DIO CORP.,Health Care
039860 KS,039860_KS,"NanoenTek,Inc",
039980 KS,039980_KS,LEENOS CORP,
040160 KS,040160_KS,NuriFlex Co Ltd,
040300 KS,040300_KS,YTN,
040350 KS,040350_KS,"CUROCOM Co.,Ltd",
040420 KS,040420_KS,JLS CO Ltd,
040610 KS,040610_KS,SG&G Corporation,
040910 KS,040910_KS,ICD CO Ltd,
041020 KS,041020_KS,Polaris Office Corp,
041190 KS,041190_KS,Woori Technology Investment Ltd,Financials
041440 KS,041440_KS,HYUNDAIEVERDIGM CORP,
041460 KS,041460_KS,KOREA ELECTRONIC CERTIFICATION AUTHORITY INC,
041510 KS,041510_KS,SM ENTERTAINMENT,Consumer Discretionary
041520 KS,041520_KS,e-LITECOM CO Ltd,
041590 KS,041590_KS,FLASK CO Ltd,
041830 KS,041830_KS,INBODY LTD,Health Care
041910 KS,041910_KS,ESTECHPHARMA CO Ltd,
041920 KS,041920_KS,MEDIANA Co Ltd,
041930 KS,041930_KS,DONG-A HWA SUNG CO Ltd,
041960 KS,041960_KS,KOMIPHARM INTERNATIONAL CO. LTD.,Health Care
042000 KS,042000_KS,Cafe24 Corp,Information Technology
042040 KS,042040_KS,Kpm Tech Ltd,Materials
042110 KS,042110_KS,SCD CO Ltd,
042370 KS,042370_KS,Vitzrotech Co Ltd,
042420 KS,042420_KS,NEOWIZ HOLDINGS Corporation,
042500 KS,042500_KS,RINGNET CO Ltd,
042510 KS,042510_KS,RaonSecure Co Ltd,
042520 KS,042520_KS,HANS BIOMED CORPORATION,
042600 KS,042600_KS,SERONICS CO Ltd,
042940 KS,042940_KS,"Sangji Caelum, Inc",
043090 KS,043090_KS,Exergy21 Co Ltd,
043100 KS,043100_KS,"Solco Biomedical Co.,Ltd",
043150 KS,043150_KS,VALUE ADDED TECHNOLOGIES LTD,Health Care
043200 KS,043200_KS,PARU CO Ltd,
043220 KS,043220_KS,TS Nexgen Co Ltd,
043260 KS,043260_KS,SUNGHO ELECTRONICS CORP,
043340 KS,043340_KS,ESSENTECH CO Ltd,
043360 KS,043360_KS,Digital Graphics Incorporation,
043370 KS,043370_KS,PYEONG HWA AUTOMOTIVE CO. LTD.,Consumer Discretionary
043590 KS,043590_KS,WELKEEPS HITECH CO Ltd,
043610 KS,043610_KS,GENIE MUSIC CORPORATION,
043650 KS,043650_KS,KOOK SOON DANG CO Ltd,
043710 KS,043710_KS,SEOULEAGUER CO Ltd,
043910 KS,043910_KS,Nature and Enviroment Co Ltd,
044060 KS,044060_KS,JOKWANG I.L.I CO Ltd,
044180 KS,044180_KS,KD Corporation,
044340 KS,044340_KS,WINIX INC,
044480 KS,044480_KS,BLADE Entertainment CO Ltd,
044490 KS,044490_KS,TAEWOONG CO. LTD.,Industrials
044780 KS,044780_KS,HK CO Ltd,
044960 KS,044960_KS,"Eagle Veterinary Technology Co.,Ltd",
045060 KS,045060_KS,OKONG CO Ltd,
045100 KS,045100_KS,HANYANG ENG CO Ltd,
045300 KS,045300_KS,SUNGWOO TECHRON COMPANY,
045340 KS,045340_KS,TOTAL SOFT BANK LTD,
045390 KS,045390_KS,Daea Ti Ltd,Information Technology
045510 KS,045510_KS,ZUNGWON EN-SYS INC,
045520 KS,045520_KS,CLEAN ＆ SCIENCE CO Ltd,
045660 KS,045660_KS,ATEC CO Ltd,
045970 KS,045970_KS,CoAsia Corporation,
046070 KS,046070_KS,KODACO CO Ltd,
046120 KS,046120_KS,Orbitech Co Ltd,
046140 KS,046140_KS,SBS Contents Hub Co Ltd,
046210 KS,046210_KS,PANAGENE Inc,
046310 KS,046310_KS,BG T&A Co,
046390 KS,046390_KS,SAMHWA NETWORKS Co Ltd,
046440 KS,046440_KS,KGMobilians Co Ltd,
046890 KS,046890_KS,SEOUL SEMICONDUCTOR CO. LTD.,Information Technology
046940 KS,046940_KS,Woowon Development Co Ltd,
046970 KS,046970_KS,Wooriro Co Ltd,
047080 KS,047080_KS,HANBIT SOFT Inc,
047310 KS,047310_KS,POWERLOGICS CO Ltd,
047560 KS,047560_KS,EST soft Co Ltd,
047770 KS,047770_KS,Codes Combine Co Ltd,
047820 KS,047820_KS,CHOROKBAEM MEDIA CO Ltd,
047920 KS,047920_KS,HLB PHARMACEUTICAL CO Ltd,
048260 KS,048260_KS,OSSTEM IMPLANT LTD,Health Care
048410 KS,048410_KS,Hyundai Bioscience Ltd,Consumer Staples
048430 KS,048430_KS,YURA TECH. CO Ltd,
048470 KS,048470_KS,DAE DONG STEEL CO Ltd,
048530 KS,048530_KS,INTRON BIOTECHNOLOGY INC.,Health Care
048550 KS,048550_KS,S.M.CULTURE＆CONTENTS CO Ltd,
048770 KS,048770_KS,TPC MECHATRONICS CORPORATION CO Ltd,
048830 KS,048830_KS,NPK CO Ltd,
048870 KS,048870_KS,SYNERGY INNOVATION CO Ltd,
048910 KS,048910_KS,DAEWONMEDIA CO Ltd,
049070 KS,049070_KS,Intops Co Ltd,Information Technology
049080 KS,049080_KS,GIGALANE CO Ltd,
049120 KS,049120_KS,FINE DNC CO Ltd,
049180 KS,049180_KS,CELLUMED CO Ltd,
049430 KS,049430_KS,KOMELON CORPORATION,
049470 KS,049470_KS,SGA CO Ltd,
049480 KS,049480_KS,OPENBASE CO Ltd,
049520 KS,049520_KS,UIL CO Ltd,
049550 KS,049550_KS,InkTec Co Ltd,
049630 KS,049630_KS,JAEYOUNG SOLUTEC CO Ltd,
049720 KS,049720_KS,KORYO CREDIT INFORMATION CO Ltd,
049830 KS,049830_KS,SEUNG IL Corporation,
049950 KS,049950_KS,Meerecompany Inc,Information Technology
049960 KS,049960_KS,CellBiotech Co Ltd,
050090 KS,050090_KS,BK Holdings CO Ltd,
050110 KS,050110_KS,CammSys Corp,
050120 KS,050120_KS,ES CUBE CO Ltd,
050760 KS,050760_KS,S POLYTECH CO Ltd,
050860 KS,050860_KS,ASIA TECHNOLOGY Co Ltd,
050890 KS,050890_KS,Solid Inc,Information Technology
050960 KS,050960_KS,SOOSAN INT CO Ltd,
051160 KS,051160_KS,GAEASOFT,
051360 KS,051360_KS,TOVISCo Ltd,
051370 KS,051370_KS,INTERFLEX CO Ltd,
051380 KS,051380_KS,"PC Direct, Inc",
051390 KS,051390_KS,YW COMPANY LIMITED,
051490 KS,051490_KS,NARA MOLD ＆ DIE CO Ltd,
051500 KS,051500_KS,CJ FRESHWAY CORP.,Consumer Staples
051780 KS,051780_KS,CUROHOLDINGS Co Ltd,
051980 KS,051980_KS,JOONGANG DNM CO Ltd,
052020 KS,052020_KS,Stcube,Health Care
052220 KS,052220_KS,iMBC Co Ltd,
052260 KS,052260_KS,SKBIOLAND LTD,Consumer Staples
052300 KS,052300_KS,CHOROKBAEM COMPANY Co Ltd,
052330 KS,052330_KS,KORTEK CORPORATION,
052400 KS,052400_KS,KONAI CO Ltd,Information Technology
052420 KS,052420_KS,OSUNG ADVANCED MATERIALS CO Ltd,
052460 KS,052460_KS,iCRAFTCo Ltd,
052600 KS,052600_KS,HANNET CO Ltd,
052670 KS,052670_KS,CHEIL BIO CO Ltd,
052710 KS,052710_KS,AMOTECH CO Ltd,
052770 KS,052770_KS,ITOXI Corp,
052790 KS,052790_KS,ACTOZ SOFT CO Ltd,
052860 KS,052860_KS,I&C Technology Co Ltd,
052900 KS,052900_KS,KX HITECH CO Ltd,
053030 KS,053030_KS,BINEX CO. LTD.,Health Care
053050 KS,053050_KS,GSE Co Ltd,
053060 KS,053060_KS,SAEDONG CO Ltd,
053080 KS,053080_KS,K-ENSOL CO Ltd,
053160 KS,053160_KS,FreeMs Corporation,
053260 KS,053260_KS,KEUM KANG STEEL CO Ltd,
053270 KS,053270_KS,GUYOUNGTECHNOLOGY COMPANY LIMITED,
053280 KS,053280_KS,"YES24Co.,Ltd",
053290 KS,053290_KS,"NE Neungyule, Inc",
053300 KS,053300_KS,KOREA INFORMATION CERTIFICATE AUTHORITY CO Ltd,
053350 KS,053350_KS,INITECH CO Ltd,
053450 KS,053450_KS,SEKONIX CO Ltd,
053580 KS,053580_KS,WEBCASH CO Ltd,
053590 KS,053590_KS,HANKOOK Technology Inc,
053610 KS,053610_KS,PROTEC CO Ltd,
053620 KS,053620_KS,Tae yang Co Ltd,
053700 KS,053700_KS,SAMBO MOTORS CO Ltd,
053800 KS,053800_KS,AHNLAB INC.,Information Technology
053950 KS,053950_KS,KYUNG NAM PHARM.CO Ltd,
053980 KS,053980_KS,OSANGJAIEL Co Ltd,
054040 KS,054040_KS,KOREA COMPUTER CO Ltd,
054050 KS,054050_KS,NONG WOO BIO CO Ltd,
054090 KS,054090_KS,SAMJIN LND CO Ltd,
054180 KS,054180_KS,MEDICOX Co Ltd,
054210 KS,054210_KS,ELENTEC CO Ltd,
054220 KS,054220_KS,"VitzroSys., Co. LTD",
054300 KS,054300_KS,Panstar Enterprise Co Ltd,
054410 KS,054410_KS,KOREA PLASMA TECHNOLOGY U CO Ltd,
054450 KS,054450_KS,TelechipsInc,
054540 KS,054540_KS,SAMYOUNG M-TEK CO Ltd,
054620 KS,054620_KS,APS Inc,
054630 KS,054630_KS,Advanced Digital Chips Inc,
054670 KS,054670_KS,DAEHAN NEW PHARM CO Ltd,
054780 KS,054780_KS,KEYEAST Co Ltd,
054800 KS,054800_KS,IDIS Holdings Co Ltd,
054920 KS,054920_KS,Hancom WITH Inc,
054930 KS,054930_KS,Yooshin Engineering Corporation,
054940 KS,054940_KS,EXA ELECTRONICS ＆ CONSTRUCTION INC,
054950 KS,054950_KS,JVMCO Ltd,
056080 KS,056080_KS,YujinRobot. Co Ltd,
056090 KS,056090_KS,Innosys Co Ltd,
056190 KS,056190_KS,SFA ENGINEERING CORP,Information Technology
056360 KS,056360_KS,COMMUNICATION WEAVER CO Ltd,
056700 KS,056700_KS,SHINWHA INTERTEK CO Ltd,
056730 KS,056730_KS,CNT85 Inc,
057030 KS,057030_KS,"YBM NET , Inc",
057540 KS,057540_KS,OMNISYSTEM CO Ltd,
057680 KS,057680_KS,T Scientific Co Ltd,
057880 KS,057880_KS,PHC Co Ltd,
058110 KS,058110_KS,MEKICS Co Ltd,
058220 KS,058220_KS,ARION Technology Inc,
058400 KS,058400_KS,KOREA NEW NETWORK CORPORATION,
058450 KS,058450_KS,Enterpartners CO Ltd,
058470 KS,058470_KS,LEENO INDUSTRIAL INC,
058530 KS,058530_KS,PANACEA Inc,
058610 KS,058610_KS,SPG CO Ltd,
058630 KS,058630_KS,MGAME CORP,
058820 KS,058820_KS,CMG PHARMACEUTICAL CO. LTD.,Health Care
058970 KS,058970_KS,EMRO CO Ltd,
059090 KS,059090_KS,MICO CO Ltd,
059100 KS,059100_KS,i-Components Co Ltd,
059120 KS,059120_KS,AJINEXTEK CO Ltd,
059210 KS,059210_KS,METABIOMED.CO Ltd,
059270 KS,059270_KS,Haisung TPC Co Ltd,
060150 KS,060150_KS,INSUN ENVIRONMENTAL NEW TECHNOLOGY CO,
060230 KS,060230_KS,Sonid Inc,
060240 KS,060240_KS,LONGTU KOREA Inc,
060250 KS,060250_KS,NHN KCP CORP,Information Technology
060260 KS,060260_KS,NUVOTEC CO Ltd,
060280 KS,060280_KS,"CUREXO, INC",
060310 KS,060310_KS,3S KOREA CO Ltd,
060370 KS,060370_KS,KT Submarine Co Ltd,
060380 KS,060380_KS,Dongyang S·TEC Co Ltd,
060480 KS,060480_KS,KUKIL METAL CO Ltd,
060540 KS,060540_KS,System and Application Technologies Co Ltd,
060560 KS,060560_KS,HOMECENTERHOLDINGS CO Ltd,
060570 KS,060570_KS,Dreamus Company,
060590 KS,060590_KS,CTCBIO INC,
060720 KS,060720_KS,KHVATEC Co. Ltd,Information Technology
060850 KS,060850_KS,YoungLimWon SoftLab. Co Ltd,
060900 KS,060900_KS,DGP Co Ltd,
061040 KS,061040_KS,RFTECH CO Ltd,
061250 KS,061250_KS,HWAIL PHARM. CO Ltd,
061970 KS,061970_KS,LB SEMICON INC,
062860 KS,062860_KS,TLIInc,
062970 KS,062970_KS,PHOTONICS PLANAR INTEGRATION TECHNOLOGY CO Ltd,
063080 KS,063080_KS,GAMEVIL INC.,Information Technology
063170 KS,063170_KS,SeoulAuctionCo.Ltd.,
063440 KS,063440_KS,SM Life Design Group Co Ltd,
063570 KS,063570_KS,NICE Total Cash Management Co Ltd,
063760 KS,063760_KS,ELP Corp,
064090 KS,064090_KS,Westrise Co Ltd,
064240 KS,064240_KS,HOMECAST LTD,Information Technology
064260 KS,064260_KS,DANAL CO Ltd,Information Technology
064290 KS,064290_KS,INTEKPLUS CO Ltd,
064480 KS,064480_KS,BRIDGETEC Corp,
064520 KS,064520_KS,TechL Co Ltd,
064550 KS,064550_KS,Bioneer Corp,Health Care
064760 KS,064760_KS,TOKAI CARBON KOREA CO. LTD.,Information Technology
064800 KS,064800_KS,Gemvaxlink Co Ltd,
064820 KS,064820_KS,CAPE INDUSTRIES LTD,
064850 KS,064850_KS,FnGuide Inc,
065060 KS,065060_KS,Great New wave Coming Co Ltd,
065130 KS,065130_KS,TOP ENGINEERING CO Ltd,
065150 KS,065150_KS,DSEN Inc,
065170 KS,065170_KS,BL Pharmtech Corp,
065350 KS,065350_KS,SHINSUNG DELTA TECH CO Ltd,
065370 KS,065370_KS,WISEITECH CO Ltd,
065420 KS,065420_KS,SI RESOURCES CO Ltd,
065440 KS,065440_KS,Eluon Co Ltd,
065450 KS,065450_KS,VICTEK CO Ltd,
065500 KS,065500_KS,ORIENT PRECISION INDUSTRIES INC,
065510 KS,065510_KS,Huvitz Co Ltd,
065530 KS,065530_KS,Wiable Corp,
065560 KS,065560_KS,"Nokwon Commercials & Industries, Inc",
065570 KS,065570_KS,Samyung ENC Co Ltd,
065650 KS,065650_KS,Medifron DBT Co Ltd,
065660 KS,065660_KS,Anterogen Ltd,Health Care
065680 KS,065680_KS,UJU ELECTRONICS CO Ltd,
065690 KS,065690_KS,PAKERS CO Ltd,
065710 KS,065710_KS,Seoho Electric Co Ltd,
065770 KS,065770_KS,CS CORPORATION,
065950 KS,065950_KS,Welcron Co Ltd,
066130 KS,066130_KS,HAATZ CO Ltd,
066310 KS,066310_KS,Q.S.I Co Ltd,
066360 KS,066360_KS,"Cherrybro Co.,Ltd",
066410 KS,066410_KS,BUCKET STUDIO Co Ltd,
066430 KS,066430_KS,YOM CO Ltd,
066590 KS,066590_KS,WOOSU AMS CO Ltd,
066620 KS,066620_KS,KUKBO DESIGN CO Ltd,
066670 KS,066670_KS,Displaytech Co Ltd,
066700 KS,066700_KS,Theragen Etex Co. Ltd.,Health Care
066790 KS,066790_KS,KOREA CABLE T.V CHUNG-BUK SYSTEM CO Ltd,
066900 KS,066900_KS,DAP CORP,
066910 KS,066910_KS,SONOKONGCO Ltd,
066970 KS,066970_KS,L&F CO. LTD.,Information Technology
066980 KS,066980_KS,E& Corporation CO Ltd,
067000 KS,067000_KS,JoyCity Corporation,
067010 KS,067010_KS,ECSTELECOMCo Ltd,
067080 KS,067080_KS,DAE HWA PHARM CO Ltd,
067160 KS,067160_KS,AfreecaTV Co Ltd,
067170 KS,067170_KS,Autech Corporation,
067280 KS,067280_KS,Multicampus Co Ltd,
067290 KS,067290_KS,JW SHINYAK CORPORATION,
067310 KS,067310_KS,HANA MICRON CO Ltd,Information Technology
067370 KS,067370_KS,"SunBio, Inc",
067390 KS,067390_KS,"AeroSpace Technology of Korea, Inc",
067570 KS,067570_KS,NVH KOREA INC,
067630 KS,067630_KS,Hlb Life Science Ltd,Industrials
067730 KS,067730_KS,LOGISYS INC,
067770 KS,067770_KS,SEJIN T.S CO Ltd,
067900 KS,067900_KS,Y-ENTEC CO Ltd,
067920 KS,067920_KS,IGLOO Corporation,
067990 KS,067990_KS,DEUTSCH MOTORS INC,
068050 KS,068050_KS,PAN ENTERTAINMENT CO Ltd,
068240 KS,068240_KS,DAWONSYS CO. LTD.,Industrials
068330 KS,068330_KS,ilShinbiobase Co Ltd,
068760 KS,068760_KS,CELLTRION PHARM INC.,Health Care
068790 KS,068790_KS,DMS Co Ltd,
068930 KS,068930_KS,Digital Daesung Co Ltd,
068940 KS,068940_KS,Cellfie Global Co Ltd,
069080 KS,069080_KS,WEBZEN INC,Information Technology
069110 KS,069110_KS,COSON Co. Ltd,Consumer Staples
069140 KS,069140_KS,Nuriplan Co Ltd,
069330 KS,069330_KS,U.I.DISPLAY CO Ltd,
069410 KS,069410_KS,NTELS CO Ltd,
069510 KS,069510_KS,ESTec Corporation,
069540 KS,069540_KS,LIGHTRON INC,
069920 KS,069920_KS,ISE Commerce Company Limited,
070300 KS,070300_KS,Xcure Corp,
070590 KS,070590_KS,HANSOLINTICUBE CO Ltd,
071200 KS,071200_KS,INFINITT Healthcare Co Ltd,
071280 KS,071280_KS,Rorze Systems Corp,
071460 KS,071460_KS,WINIA Co Ltd,
071670 KS,071670_KS,A-TECH SOLUTION CO Ltd,
071850 KS,071850_KS,CASTEC KOREA CO Ltd,
072020 KS,072020_KS,CAVAC CO Ltd,
072470 KS,072470_KS,WOORY INDUSTRIAL HOLDINGS CO Ltd,
072520 KS,072520_KS,GenNBio Inc,
072770 KS,072770_KS,Yulho Co Ltd,
072870 KS,072870_KS,MegaStudyCo Ltd,
072950 KS,072950_KS,Vissem Electronics Co Ltd,
072990 KS,072990_KS,HCT CO Ltd,
073010 KS,073010_KS,KSP CO Ltd,
073110 KS,073110_KS,LMS Co Ltd,
073190 KS,073190_KS,DUOBACK CO Ltd,
073490 KS,073490_KS,Innowireless Co Ltd,
073540 KS,073540_KS,FRTEK CO Ltd,
073560 KS,073560_KS,Woorison F&G CO Ltd,
073570 KS,073570_KS,Lithium-for-earth Inc,
073640 KS,073640_KS,TERA SCIENCE Co Ltd,
074430 KS,074430_KS,AMINOLOGICS CO Ltd,
074600 KS,074600_KS,Wonik Qnc Corp,Information Technology
075130 KS,075130_KS,PLANTYNET CO Ltd,
075970 KS,075970_KS,DONGKUK REFRACTORIES ＆ STEEL CO Ltd,
076080 KS,076080_KS,WELCRON HANTEC CO Ltd,
076610 KS,076610_KS,"Haesung Optics Co.,Ltd",
077360 KS,077360_KS,DUKSAN HI METAL CO Ltd,
078020 KS,078020_KS,EBEST INVESTMENT & SECURITIES Co Ltd,
078070 KS,078070_KS,Ubiquoss Holdings Inc,Information Technology
078130 KS,078130_KS,Kuk-Il Paper Mfg Ltd,Materials
078140 KS,078140_KS,"Daebonglsco.,Ltd",
078150 KS,078150_KS,HB TECHNOLOGY CO Ltd,
078160 KS,078160_KS,MEDIPOST CO. LTD.,Health Care
078340 KS,078340_KS,COM2US CORP,Information Technology
078350 KS,078350_KS,HANYANG DIGITECH CO Ltd,
078590 KS,078590_KS,DIAC Co Ltd,
078600 KS,078600_KS,Daejoo Electronic Materials Ltd,Information Technology
078650 KS,078650_KS,G9pharma co Ltd,
078860 KS,078860_KS,IOKCOMPANY Co Ltd,
078890 KS,078890_KS,KAON Group Co Ltd,
078940 KS,078940_KS,CODENATURE INC,
079000 KS,079000_KS,WATOSCOREACO Ltd,
079170 KS,079170_KS,HanchangIndustryCo Ltd,
079190 KS,079190_KS,KESPION Co Ltd,
079370 KS,079370_KS,ZEUS CO Ltd,
079650 KS,079650_KS,SeoSanCo.Ltd,
079810 KS,079810_KS,DE＆T CO Ltd,
079940 KS,079940_KS,Gabia Inc,
079950 KS,079950_KS,INVENIA Co Ltd,
079960 KS,079960_KS,DONGYANG E＆P INC,
079970 KS,079970_KS,TOBESOFT Co Ltd,
080000 KS,080000_KS,SNU Precision Co Ltd,
080010 KS,080010_KS,"eSANGNetworksCo.,Ltd",
080160 KS,080160_KS,MODETOUR NETWORK INC,Consumer Discretionary
080220 KS,080220_KS,Jeju Semiconductor Corp,
080420 KS,080420_KS,Moda-InnoChips Co Ltd,
080470 KS,080470_KS,SUNGCHANG AUTOTECH CO Ltd,
080520 KS,080520_KS,ODTech Co Ltd,
080530 KS,080530_KS,KODI Co Ltd,
080580 KS,080580_KS,OKins Electronics Co Ltd,
080720 KS,080720_KS,Union Korea Pharm Co Ltd,
081150 KS,081150_KS,Tiplex.Co.Ltd,
081580 KS,081580_KS,Sungwoo Electronics Co Ltd,
082210 KS,082210_KS,OPTRONTEC Inc,
082270 KS,082270_KS,GEMVAX & KAEL CO LTD,Information Technology
082660 KS,082660_KS,Cosnine Co Ltd,
082800 KS,082800_KS,VIVOZON PHARMACEUTICAL CO Ltd,
082850 KS,082850_KS,WOOREE BIO CO Ltd,
082920 KS,082920_KS,VITZROCELL CO Ltd,
083310 KS,083310_KS,LOTVACUUM CO Ltd,
083450 KS,083450_KS,Global Standard Technology Co Ltd,
083470 KS,083470_KS,EMnI Co Ltd,
083500 KS,083500_KS,FNS TECH CO Ltd,
083550 KS,083550_KS,KM CORPORATION,
083640 KS,083640_KS,INCON Co Ltd,
083650 KS,083650_KS,BHI CO Ltd,
083660 KS,083660_KS,CSA COSMIC CO Ltd,
083790 KS,083790_KS,CRYSTALGENOMICS INC.,Health Care
083930 KS,083930_KS,AVACO CO Ltd,
084110 KS,084110_KS,HUONS GLOBAL LTD,Health Care
084180 KS,084180_KS,Soosung Salvacion co Ltd,
084370 KS,084370_KS,Eugene Technology Co.Ltd,Information Technology
084440 KS,084440_KS,UBION CO.LTD,
084650 KS,084650_KS,LabGenomics. Co Ltd,
084730 KS,084730_KS,THINKWARE CO Ltd,
084850 KS,084850_KS,Itm Semiconductor Ltd,Information Technology
084990 KS,084990_KS,VIROMED CO. LTD.,Health Care
085370 KS,085370_KS,LUTRONIC CORP,Health Care
085660 KS,085660_KS,CHABIOTECH LTD,Health Care
085670 KS,085670_KS,NEWFLEXTECHNOLGYCo Ltd,
085810 KS,085810_KS,Alticast Corporation,
085910 KS,085910_KS,NEOTECHNICALSYSTEMCO Ltd,
086040 KS,086040_KS,Biotoxtech Co Ltd,
086060 KS,086060_KS,GeneBioTechCo Ltd,
086390 KS,086390_KS,Unitest Inc,Information Technology
086450 KS,086450_KS,DONGKOOK PHARMACEUTICAL LTD,Health Care
086520 KS,086520_KS,ECOPRO CO. LTD.,Materials
086670 KS,086670_KS,BMTCo Ltd,
086710 KS,086710_KS,SUNJIN BEAUTY SCIENCE CO Ltd,
086820 KS,086820_KS,Bio Solution Co Ltd,
086890 KS,086890_KS,ISU Abxis Co Ltd,
086900 KS,086900_KS,MEDY-TOX INC,Health Care
086960 KS,086960_KS,MDS Tech Inc,
086980 KS,086980_KS,SHOWBOX Corp,
087010 KS,087010_KS,"Peptron, Inc",
087260 KS,087260_KS,"MOBILE APPLIANCE, INC",
087600 KS,087600_KS,Pixelplus. Co Ltd,
088130 KS,088130_KS,DONG A ELTEK CO Ltd,
088290 KS,088290_KS,EWON COMFORTECH CO Ltd,
088390 KS,088390_KS,INNOXCorporation,
088800 KS,088800_KS,Ace Technologies Corp,Information Technology
088910 KS,088910_KS,DONGWOO FARM TO TABLE CO Ltd,
089010 KS,089010_KS,CHEMTRONICS CO Ltd,
089030 KS,089030_KS,Techwing Co Ltd,
089140 KS,089140_KS,NEXTURNBIOSCIENCE Co Ltd,
089150 KS,089150_KS,Korea Computer Terminal Inc,
089230 KS,089230_KS,THE E&M Co Ltd,
089530 KS,089530_KS,AT semicon Co Ltd,
089600 KS,089600_KS,Nasmedia Co Ltd,
089790 KS,089790_KS,JT Corp,
089850 KS,089850_KS,UBIVELOX  Inc,
089890 KS,089890_KS,"KOSES Co.,Ltd",
089970 KS,089970_KS,Aptc Corp,Information Technology
089980 KS,089980_KS,Sang-A Frontec Ltd,Information Technology
090150 KS,090150_KS,iWIN CO Ltd,
090360 KS,090360_KS,ROBOSTAR CO Ltd,
090410 KS,090410_KS,DUCKSHIN HOUSING CO Ltd,
090470 KS,090470_KS,"JASTECH, Ltd",
090710 KS,090710_KS,Hyulim ROBOT Co Ltd,
090850 KS,090850_KS,Hyundai Ezwel Co Ltd,
091120 KS,091120_KS,EM-TECH CO Ltd,
091340 KS,091340_KS,S&KPOLYTECCO Ltd,
091440 KS,091440_KS,TELEFIELD CO Ltd,
091580 KS,091580_KS,SANGSINEDP CO Ltd,
091590 KS,091590_KS,NAM HWA CONSTRUCTION CO Ltd,
091700 KS,091700_KS,PARTRON CO. LTD.,Information Technology
091970 KS,091970_KS,"Nano Chem Tech, Inc",
091990 KS,091990_KS,CELLTRION HEALTHCARE LTD,Health Care
092040 KS,092040_KS,AMICOGEN INC,Health Care
092070 KS,092070_KS,DNF CO Ltd,
092130 KS,092130_KS,e-Credible Co Ltd,
092190 KS,092190_KS,SEOUL VIOSYS CO Ltd,
092300 KS,092300_KS,HYUN WOO INDUSTRIAL CO Ltd,
092460 KS,092460_KS,HANLA IMS Co Ltd,
092600 KS,092600_KS,NC＆ Co Ltd,
092730 KS,092730_KS,NeopharmCO Ltd,
092870 KS,092870_KS,Exicon Co Ltd,
093190 KS,093190_KS,"BIXOLONCo.,Ltd",
093320 KS,093320_KS,"KINX, Inc",
093380 KS,093380_KS,PUNGKANGCO Ltd,
093520 KS,093520_KS,MAKUS Inc,
093640 KS,093640_KS,Korea Robot Manufacturing Co Ltd,
093920 KS,093920_KS,Seowonintech Co Ltd,
094170 KS,094170_KS,DONGWOON ANATECH CO Ltd,
094360 KS,094360_KS,"Chips&Media, Inc",
094480 KS,094480_KS,Galaxia Moneytree Co Ltd,
094820 KS,094820_KS,ILJIN POWER CO Ltd,
094840 KS,094840_KS,SUPREMA HQ INC,
094850 KS,094850_KS,Very Good Tour Co Ltd,
094860 KS,094860_KS,NEORIGIN Co Ltd,
094940 KS,094940_KS,PULOON Technology Inc,
094970 KS,094970_KS,JM TELECOM CO Ltd,
095190 KS,095190_KS,EMKOREACo Ltd,
095270 KS,095270_KS,Wave Electronics Co Ltd,
095340 KS,095340_KS,ISC Co Ltd,
095500 KS,095500_KS,MNTECH CO Ltd,
095610 KS,095610_KS,TES Co Ltd,
095660 KS,095660_KS,NEOWIZ,
095700 KS,095700_KS,GENEXINE INC.,Health Care
095910 KS,095910_KS,S-ENERGY CO Ltd,
096040 KS,096040_KS,E-TRON CO Ltd,
096240 KS,096240_KS,"Creverse, Inc",
096350 KS,096350_KS,DAECHANG SOLUTION CO Ltd,
096530 KS,096530_KS,SEEGENE INC.,Health Care
096610 KS,096610_KS,"RFsemiTechnologies,Inc",
096630 KS,096630_KS,S-CONNECT CO Ltd,
096640 KS,096640_KS,MELFAS INC,
096690 KS,096690_KS,Aroot Co Ltd,
096870 KS,096870_KS,LDT Inc,
097780 KS,097780_KS,S-Mac Ltd,Information Technology
097800 KS,097800_KS,WINPAC INC,
097870 KS,097870_KS,"HyosungONBCo.,Ltd",
098120 KS,098120_KS,Micro Contact Solution Co Ltd,
098460 KS,098460_KS,KOH YOUNG TECHNOLOGY INC,Information Technology
098660 KS,098660_KS,STO Co Ltd,
099190 KS,099190_KS,"i-SENS, Inc",
099220 KS,099220_KS,SDN Company Ltd,
099320 KS,099320_KS,SatrecInitiativeCo Ltd,
099390 KS,099390_KS,Brainzcompany Co Ltd,
099410 KS,099410_KS,Dongbang Ship Machinery Co Ltd,
099430 KS,099430_KS,BioPlus Co Ltd,
099440 KS,099440_KS,SMEC CO Ltd,
099520 KS,099520_KS,ITX-AI Co Ltd,
099750 KS,099750_KS,ezCaretech Co Ltd,
100030 KS,100030_KS,Inzisoft Co Ltd,
100120 KS,100120_KS,VIEWORKS LTD,Health Care
100130 KS,100130_KS,DONGKUK STRUCTURES & CONSTRUCTION COMPANY LIMITED,
100590 KS,100590_KS,MERCURY CORPORATION CO Ltd,
100660 KS,100660_KS,SEOAM MACHINERY INDUSTRY CO Ltd,
100700 KS,100700_KS,"SEWOONMEDICAL CO,. LTD",
100790 KS,100790_KS,Mirae Asset Venture Investment Co Ltd,
101000 KS,101000_KS,SANGSANGIN INDUSTRY CO Ltd,
101160 KS,101160_KS,WORLDEX INDUSTRY ＆ TRADING CO Ltd,
101170 KS,101170_KS,WOORIM POWER TRAIN SOLUTION CO Ltd,
101240 KS,101240_KS,CQV Co Ltd,
101330 KS,101330_KS,MOBASE CO Ltd,
101360 KS,101360_KS,Eco&Dream Co Ltd,
101390 KS,101390_KS,IMCo Ltd,
101400 KS,101400_KS,"N CITRON, INC",
101490 KS,101490_KS,S&S Tech Corp,Information Technology
101670 KS,101670_KS,Hydro Lithium Inc,
101680 KS,101680_KS,HNK MACHINE TOOL CO Ltd,
101730 KS,101730_KS,Wemade Max Co Ltd,
101930 KS,101930_KS,INHWA PRECISION CO Ltd,
102120 KS,102120_KS,ABOV Semiconductor Co Ltd,
102370 KS,102370_KS,K-AUCTION CO Ltd,
102710 KS,102710_KS,Enf Technology Ltd,Materials
102940 KS,102940_KS,KOLON LIFE SCIENCE Inc,
103230 KS,103230_KS,S＆W CORPORATION,
103840 KS,103840_KS,WOOYANG  CO Ltd,
104040 KS,104040_KS,DAESUNG FINETEC CO Ltd,
104200 KS,104200_KS,NHN BUGS Corporation,
104460 KS,104460_KS,DYPNF CO Ltd,
104480 KS,104480_KS,TK CHEMICAL CORPORATION,
104540 KS,104540_KS,Corentec Co Ltd,
104620 KS,104620_KS,Yellow Balloon Tour Co Ltd,
104830 KS,104830_KS,WONIK MATERIALS CO Ltd,
105330 KS,105330_KS,KNW CO Ltd,
105550 KS,105550_KS,Truwin Company Limited,
105740 KS,105740_KS,DK LOK CO Ltd,
106080 KS,106080_KS,HYSONIC Co Ltd,
106190 KS,106190_KS,HIGH TECH PHARM CO Ltd,
106240 KS,106240_KS,FINE TECHNIX CO Ltd,
106520 KS,106520_KS,Noble M&B Co Ltd,
107600 KS,107600_KS,Sebitchem Co Ltd,
108230 KS,108230_KS,TOPTECK LTD,Information Technology
108380 KS,108380_KS,DAEYANG ELECTRIC CO Ltd,
108490 KS,108490_KS,ROBOTIS,
108860 KS,108860_KS,SELVAS AI INC,
109080 KS,109080_KS,Opticis Co Ltd,
109610 KS,109610_KS,SY CO Ltd,
109740 KS,109740_KS,DSK CO Ltd,
109820 KS,109820_KS,GENEMATRIX INC,
109860 KS,109860_KS,DONGIL METAL CO Ltd,
109960 KS,109960_KS,Aprogen Healthcare & Games Inc,
110020 KS,110020_KS,JEONJINBIO CO Ltd,
110790 KS,110790_KS,Creas F&C Co Ltd,
110990 KS,110990_KS,Digital Imaging Technology Co Ltd,
111710 KS,111710_KS,Namhwa Industrial Co Ltd,
111870 KS,111870_KS,KH ELECTRON CO Ltd,
112040 KS,112040_KS,WEMADE ENTERTAIN LTD,Information Technology
112290 KS,112290_KS,YCCHEM CO Ltd,
113810 KS,113810_KS,Dgenx Co Ltd,
114120 KS,114120_KS,CRUCIALTEC CO Ltd,
114190 KS,114190_KS,KANGWON ENERGY Co Ltd,
114450 KS,114450_KS,GREEN LIFESCIENCE CO Ltd,
114630 KS,114630_KS,"POLARIS UNO, Inc",
114810 KS,114810_KS,Hansol IONES Co Ltd,
114840 KS,114840_KS,iFamilySC Co Ltd,
115160 KS,115160_KS,Humax Co. Ltd,Information Technology
115180 KS,115180_KS,Qurient Co Ltd,
115310 KS,115310_KS,INFOvine Co Ltd,
115440 KS,115440_KS,"WooriNet, Inc",
115450 KS,115450_KS,G-TREEBNT LTD,Information Technology
115480 KS,115480_KS,CU MEDICAL SYSTEMS Inc,
115500 KS,115500_KS,KOREA COMPUTER＆SYSTEMS INC,
115530 KS,115530_KS,CNPLUS CO Ltd,
115570 KS,115570_KS,STARFLEX CO Ltd,
115610 KS,115610_KS,IMAGIS CO Ltd,
115960 KS,115960_KS,YONWOO CO Ltd,
117670 KS,117670_KS,ALPHAHOLDINGS INC,
117730 KS,117730_KS,T-robotics Co Ltd,
118990 KS,118990_KS,MOTREX CO Ltd,
119500 KS,119500_KS,FORMETAL CO Ltd,
119610 KS,119610_KS,INTEROJO CO. LTD,
119830 KS,119830_KS,ITEK Inc,
119850 KS,119850_KS,GnCenergy Co Ltd,
119860 KS,119860_KS,Connectwave Co Ltd,
120240 KS,120240_KS,DAEJUNG CHEMICALS ＆ METALS CO Ltd,
121440 KS,121440_KS,GOLFZONYUWONHOLDINGS LTD SHS,Information Technology
121600 KS,121600_KS,Advanced Nano Products Co Ltd,Materials
121800 KS,121800_KS,Vidente Ltd,Information Technology
121850 KS,121850_KS,KOYJ. CO Ltd,
121890 KS,121890_KS,SD system  Co Ltd,
122310 KS,122310_KS,GENORAY Co Ltd,
122350 KS,122350_KS,SAMKEE CORP,
122450 KS,122450_KS,KX Innovation Co Ltd,
122640 KS,122640_KS,YEST CO Ltd,
122690 KS,122690_KS,SEOJIN AUTOMOTIVE CO Ltd,
122870 KS,122870_KS,YG ENTERTAINMENT INC,Consumer Discretionary
122990 KS,122990_KS,WiSoL Co Ltd,
123010 KS,123010_KS,iWIN PLUS CO Ltd,
123040 KS,123040_KS,"MS AUTOTECH COMPANY, LIMITED",
123330 KS,123330_KS,"Genic Co.,Ltd",
123410 KS,123410_KS,KOREA FUEL-TECH CORPORATION,
123420 KS,123420_KS,Wemade Play Co Ltd,
123570 KS,123570_KS,Emnet Co Ltd,
123750 KS,123750_KS,Alton Sports Co Ltd,
123840 KS,123840_KS,HANIL VACUUM CO Ltd,
123860 KS,123860_KS,AnaPass Inc,
124500 KS,124500_KS,ITCEN CO Ltd,
124560 KS,124560_KS,TAEWOONG LOGISTICS CO Ltd,
125210 KS,125210_KS,AMOGREENTECH CO Ltd,
126340 KS,126340_KS,VINA TECH CO Ltd,
126600 KS,126600_KS,BGFecomaterials CO Ltd,
126640 KS,126640_KS,HWASHIN PRECISION CO Ltd,
126700 KS,126700_KS,HyVISION SYSTEM.INC,
126880 KS,126880_KS,JNK Heaters Co Ltd,
127120 KS,127120_KS,"DNA LINK, INC",
127710 KS,127710_KS,ASIA BUSINESS DAILY CO Ltd,
127980 KS,127980_KS,FINECIRCUIT CO Ltd,
128540 KS,128540_KS,ECOCAB CO Ltd,
128660 KS,128660_KS,PJ METAL CO Ltd,
129890 KS,129890_KS,ABKO CO Ltd,
129920 KS,129920_KS,DAE SUNG HI-TECH CO Ltd,
130500 KS,130500_KS,GH Advanced Materials Inc,
130580 KS,130580_KS,NICE D&B CO Ltd,
130740 KS,130740_KS,TPC CO Ltd,
131030 KS,131030_KS,OPTUS Pharmaceutical Co Ltd,
131090 KS,131090_KS,SECUVE Co Ltd,
131100 KS,131100_KS,Chorokbaem E&M Co Ltd,
131180 KS,131180_KS,"DILLI ILLUSTRATE INC.,",
131220 KS,131220_KS,DAIHAN SCIENTIFIC CO Ltd,
131290 KS,131290_KS,TSE CO Ltd,
131370 KS,131370_KS,Rsupport Ltd,Information Technology
131400 KS,131400_KS,EV ADVANCED MATERIAL CO Ltd,
131760 KS,131760_KS,Finetek Co Ltd,
131970 KS,131970_KS,Tesna Inc,Information Technology
133750 KS,133750_KS,MegaMD Co Ltd,
134060 KS,134060_KS,e-future.Co Ltd,
134580 KS,134580_KS,Topco Media Co Ltd,
136410 KS,136410_KS,ASSEMS INC,
136480 KS,136480_KS,"HARIM CO,. LTD",
136510 KS,136510_KS,Smart Solutions Co Ltd,
136540 KS,136540_KS,Wins Co Ltd,
137080 KS,137080_KS,NARAENANOTECH CORPORATION,
137400 KS,137400_KS,People & Technology Inc,Industrials
137940 KS,137940_KS,NEXT EYE CO Ltd,
137950 KS,137950_KS,"JC Chemical Corporation, LTD",
138070 KS,138070_KS,SINJIN SM CO Ltd,
138080 KS,138080_KS,Oe Solutions Ltd,Information Technology
138360 KS,138360_KS,Hyupjin Co Ltd,
138580 KS,138580_KS,BusinessOn Communication Co Ltd,
138610 KS,138610_KS,NIBEC CO Ltd,
138690 KS,138690_KS,LIS Co Ltd,
139050 KS,139050_KS,CITYLABS Co Ltd,
139670 KS,139670_KS,KineMaster Corporation,
140070 KS,140070_KS,"SurplusGLOBAL,Inc",
140410 KS,140410_KS,Mezzion Pharma Ltd,Health Care
140520 KS,140520_KS,DAECHANG STEEL CO Ltd,
140670 KS,140670_KS,RS AUTOMATION CO Ltd,
140860 KS,140860_KS,Parksystems Corp,Information Technology
141000 KS,141000_KS,"Viatron Technologies, Inc",
141020 KS,141020_KS,DSNL Co Ltd,
141080 KS,141080_KS,Legochem Biosciences Inc,Health Care
142210 KS,142210_KS,Unitrontech Co Ltd,
142280 KS,142280_KS,Green Cross Medical Science Corporation,
142760 KS,142760_KS,BL Corporation,
143160 KS,143160_KS,IDIS CO Ltd,
143240 KS,143240_KS,Saramin Co Ltd,
143540 KS,143540_KS,YoungWoo DSP Co Ltd,
144510 KS,144510_KS,Greencross Labcell Corp,Health Care
144960 KS,144960_KS,NEWPOWERPLASMA CO Ltd,
145020 KS,145020_KS,HUGEL INC,Health Care
146320 KS,146320_KS,BCnC Co Ltd,
147760 KS,147760_KS,Protec Mems Technology Inc,
147830 KS,147830_KS,CHERYONG INDUSTRIAL CO Ltd,
148140 KS,148140_KS,BDI Co Ltd,
148150 KS,148150_KS,Se Gyung Hi Tech Co Ltd,
148250 KS,148250_KS,RN2 Technologies Co Ltd,
148780 KS,148780_KS,BFLYSOFT CO Ltd,
148930 KS,148930_KS,HAN YOUNG TECHNOLOGY COMPANY CO Ltd,
149950 KS,149950_KS,AVATEC CO Ltd,
149980 KS,149980_KS,"Hironic Co.,Ltd",
150840 KS,150840_KS,IntroMedic Co Ltd,
150900 KS,150900_KS,Fasoo Co Ltd,
151860 KS,151860_KS,KG Eco Technology Services Co Ltd,
151910 KS,151910_KS,SBW Life Sciences Co Ltd,
153460 KS,153460_KS,Nable Communications Inc,
153490 KS,153490_KS,WOOREE E&L CO Ltd,
153710 KS,153710_KS,Optipharm.CO Ltd,
154030 KS,154030_KS,ASIA SEED Co Ltd,
154040 KS,154040_KS,Dasan Solueta Co Ltd,
155650 KS,155650_KS,YMC CO Ltd,
156100 KS,156100_KS,L&K BIOMED CO Ltd,
158430 KS,158430_KS,ATON Inc,
159010 KS,159010_KS,ASFLOW CO Ltd,
159580 KS,159580_KS,Zero to Seven Inc,
159910 KS,159910_KS,Skin n Skin Co Ltd,
160550 KS,160550_KS,Next Entertainment World Co Ltd,
160600 KS,160600_KS,EQUIPMENTS CELL CO Ltd,
160980 KS,160980_KS,CYMECHS Inc,
161570 KS,161570_KS,"THE MIDONG Co,. Ltd",
161580 KS,161580_KS,PHILOPTICS CO Ltd,
162300 KS,162300_KS,SHIN STEEL CO Ltd,
163730 KS,163730_KS,Finger Inc,
164060 KS,164060_KS,"ILOODA Co.,Ltd",
166090 KS,166090_KS,Hana Materials Inc,Information Technology
166480 KS,166480_KS,CORESTEMCHEMON Inc,
168330 KS,168330_KS,Naturalendo Tech Co Ltd,
168360 KS,168360_KS,PEMTRON Corporation,
169330 KS,169330_KS,Macromill Embrain Co Ltd,
170030 KS,170030_KS,HYUNDAI INDUSTRIAL CO Ltd,
170790 KS,170790_KS,PIOLINK Inc,
170920 KS,170920_KS,LTC CO Ltd,
171010 KS,171010_KS,RAMTECHNOLOGY CO Ltd,
171090 KS,171090_KS,SUNIC SYSTEM CO Ltd,
171120 KS,171120_KS,LIONCHENTECH CO Ltd,
173130 KS,173130_KS,OPASNET CO Ltd,
173940 KS,173940_KS,FNC ENTERTAINMENT Co Ltd,
174880 KS,174880_KS,Jang Won Tech Co Ltd,
174900 KS,174900_KS,AbClon Inc,
175140 KS,175140_KS,INFOMARK Co Ltd,
175250 KS,175250_KS,Icure Pharmaceutical Incorporation,
177350 KS,177350_KS,Vessel Co Ltd,
177830 KS,177830_KS,PAVONINE CO Ltd,
178320 KS,178320_KS,Seojin System Ltd,Information Technology
178780 KS,178780_KS,"ILWOUL GML Co.,Ltd",
179290 KS,179290_KS,M.I.Tech Co Ltd,
179530 KS,179530_KS,ADBIOTECH Co Ltd,
179900 KS,179900_KS,UTI INC,
180400 KS,180400_KS,Dx & Vx Co Ltd,
181340 KS,181340_KS,IsMedia Co Ltd,
182360 KS,182360_KS,"CUBE ENTERTAINMENT, INC",
182400 KS,182400_KS,ATGEN,Health Care
183300 KS,183300_KS,Komico Ltd,Information Technology
183490 KS,183490_KS,ENZYCHEM LIFESCIENCES CORPORATION,Health Care
184230 KS,184230_KS,SGA Solutions Co Ltd,
185490 KS,185490_KS,"EyeGene,Inc",
186230 KS,186230_KS,GREEN PLUS Co Ltd,
187220 KS,187220_KS,Dt&C Co Ltd,
187270 KS,187270_KS,Shin Hwa Contech Co Ltd,
187420 KS,187420_KS,"GenoFocus, Inc",
187660 KS,187660_KS,ADM Korea Inc,
187790 KS,187790_KS,NANO CO Ltd,
187870 KS,187870_KS,DEVICEENG CO Ltd,
189300 KS,189300_KS,Intellian Technologies Inc,Information Technology
189330 KS,189330_KS,XIIlab Co Ltd,
189690 KS,189690_KS,FORCS Co Ltd,
189860 KS,189860_KS,SEOJEON ELECTRIC MACHINERY CO Ltd,
189980 KS,189980_KS,"HYUNGKUK F&B Co.,Ltd",
190510 KS,190510_KS,"Namuga Co.,Ltd",
190650 KS,190650_KS,KOREA ASSET INVESTMENT SECURITIES CO Ltd,
191410 KS,191410_KS,RYUK-IL C&S Ltd,
191420 KS,191420_KS,Tego Science Inc,Health Care
192250 KS,192250_KS,KSIGN CO Ltd,
192390 KS,192390_KS,WINHITECH CO Ltd,
192410 KS,192410_KS,Hyulim Networks Co Ltd,
192440 KS,192440_KS,Spigen Korea Co Ltd,
193250 KS,193250_KS,YJM Games Co Ltd,
194480 KS,194480_KS,Devsisters corporation,
194700 KS,194700_KS,NOVAREX CO Ltd,
195500 KS,195500_KS,Maniker F＆G Co Ltd,
195940 KS,195940_KS,HK inno.N Corporation,Health Care
195990 KS,195990_KS,Abpro Bio Co Ltd,
196170 KS,196170_KS,Alteogen Inc,Health Care
196300 KS,196300_KS,ANYGEN CO Ltd,
196450 KS,196450_KS,"CoAsia CM Co.,Ltd",
196490 KS,196490_KS,DA Technology Co Ltd,
196700 KS,196700_KS,WAPS Co Ltd,
197140 KS,197140_KS,DigiCAP Co Ltd,
198080 KS,198080_KS,NPD CO Ltd,
198440 KS,198440_KS,KOREA CEMENT CO Ltd,
198940 KS,198940_KS,HANJOO LIGHT METAL CO Ltd,
199730 KS,199730_KS,BioInfra Co Ltd,
199800 KS,199800_KS,ToolGen Incorporated,
199820 KS,199820_KS,CHEIL ELECTRIC CO Ltd,
200130 KS,200130_KS,KolmarBNH Co Ltd,
200230 KS,200230_KS,TELCON INC,Information Technology
200350 KS,200350_KS,"RaemongRaein.Co.,Ltd",
200470 KS,200470_KS,HISEM CO Ltd,
200670 KS,200670_KS,Humedix Co Ltd,
200710 KS,200710_KS,ADTechnology Co Ltd,
200780 KS,200780_KS,BCWORLDPHARM Co Ltd,
201490 KS,201490_KS,ME2ON CO Ltd,
203400 KS,203400_KS,ABION Inc,
203450 KS,203450_KS,Union community Co Ltd,
203650 KS,203650_KS,DREAM SECURITY CO Ltd,
203690 KS,203690_KS,Prostemics Ltd,Health Care
204020 KS,204020_KS,"GRITEE, Inc",
204270 KS,204270_KS,JNTC CO Ltd,
204610 KS,204610_KS,T3 Entertainment Inc,
204620 KS,204620_KS,Global Tax Free Co Ltd,
204630 KS,204630_KS,STUDIO SANTA CLAUS ENTERTAINMENT Co Ltd,
204840 KS,204840_KS,GL Pharm Tech Corp,
205100 KS,205100_KS,EXEM CO Ltd,
205470 KS,205470_KS,HUMASIS CO Ltd,
205500 KS,205500_KS,Action Square Co Ltd,
206400 KS,206400_KS,"Benoholdings, Inc",
206560 KS,206560_KS,Dexter studios Co Ltd,
206640 KS,206640_KS,BODITECH MED INC,Health Care
206650 KS,206650_KS,EuBiologics Co Ltd,Health Care
207760 KS,207760_KS,Mr. Blue Corporation,
208140 KS,208140_KS,JUNGDAWN Co Ltd,
208340 KS,208340_KS,Pharmabcine Inc,Health Care
208350 KS,208350_KS,Jiransecurity Co Ltd,
208370 KS,208370_KS,"SELVAS Healthcare, Inc",
208640 KS,208640_KS,Thumbage Co Ltd,
208710 KS,208710_KS,BIOLOG DEVICE CO Ltd,
208860 KS,208860_KS,"EnGIS Technologies, Inc",
211050 KS,211050_KS,INCAR FINANCIAL SERVICE Co Ltd,
211270 KS,211270_KS,Asia Pacific Satellite Inc,
212560 KS,212560_KS,NEOOTO CO Ltd,
213420 KS,213420_KS,DUK SAN NEOLUX CO Ltd,
214150 KS,214150_KS,CLASSYS Inc,
214180 KS,214180_KS,Minwise Co Ltd,
214260 KS,214260_KS,Raphas Co Ltd,
214270 KS,214270_KS,FSN Co Ltd,
214310 KS,214310_KS,SL Energy Co Ltd,
214370 KS,214370_KS,CAREGEN CO Ltd,
214430 KS,214430_KS,I3 System Inc,
214450 KS,214450_KS,Pharma Reaserch Products Ltd,Health Care
214610 KS,214610_KS,MiCo BioMed Co Ltd,
214680 KS,214680_KS,DRTECH Corporation,
214870 KS,214870_KS,NewGLAB Pharma CO Ltd,
215000 KS,215000_KS,GOLFZON LTD,Information Technology
215090 KS,215090_KS,Hucentech co Ltd,
215100 KS,215100_KS,RoboRobo Co Ltd,
215200 KS,215200_KS,Megastudyedu Ltd,Consumer Discretionary
215360 KS,215360_KS,WOORY INDUSTRIAL CO Ltd,
215380 KS,215380_KS,"WOOJUNG BIO, Inc",
215480 KS,215480_KS,"TOEBOX KOREA, LTD",
215600 KS,215600_KS,SILLAJEN INC,Health Care
215790 KS,215790_KS,RBK GROUP INC,
216050 KS,216050_KS,INCROSS.CO Ltd,
216080 KS,216080_KS,Jetema Ltd,Health Care
217190 KS,217190_KS,Genesem Co Ltd,
217270 KS,217270_KS,Neptune Company,
217330 KS,217330_KS,"Cytogen, Inc",
217480 KS,217480_KS,SD Biotechnologies Co Ltd,
217500 KS,217500_KS,RUSSELL CO Ltd,
217620 KS,217620_KS,Didim E&F,
217730 KS,217730_KS,KANGSTEM BIOTECH CO Ltd,
217820 KS,217820_KS,WONIK PNE CO Ltd,
218150 KS,218150_KS,MILAE BIORESOURCES CO Ltd,
218410 KS,218410_KS,Rfhic Corp,Information Technology
219130 KS,219130_KS,TigerElec Co Ltd,
219420 KS,219420_KS,LINKGENESIS CO Ltd,
219550 KS,219550_KS,DYD Co Ltd,
219750 KS,219750_KS,"GTG Wellness Co.,Ltd",
220100 KS,220100_KS,FutureChem Co Ltd,
220180 KS,220180_KS,"HANDYSOFT, Inc",
220260 KS,220260_KS,CHEMTROS CO Ltd,
221840 KS,221840_KS,HIZEAERO Co Ltd,
221980 KS,221980_KS,KDCHEM CO Ltd,
222040 KS,222040_KS,NUTRIBIOTECH LTD,Consumer Staples
222080 KS,222080_KS,Creative & Innovative System Corp,Industrials
222110 KS,222110_KS,Pangen Biotech Inc,
222160 KS,222160_KS,Bioptro Inc,
222420 KS,222420_KS,CENOTEC Co Ltd,
222800 KS,222800_KS,Simmtech Ltd,Information Technology
222810 KS,222810_KS,Setopia Co Ltd,
222980 KS,222980_KS,Mcnulty Korea Co Ltd,
223250 KS,223250_KS,DreamCIS INC,
223310 KS,223310_KS,Commerce miner Co Ltd,
224060 KS,224060_KS,THE CODI Co Ltd,
224110 KS,224110_KS,ATEC MOBILITY Co Ltd,
225190 KS,225190_KS,SAMYANG OPTICS CO Ltd,
225220 KS,225220_KS,GENOLUTION INC,
225430 KS,225430_KS,KMPHARMACEUTICAL Co Ltd,
225530 KS,225530_KS,BoKwang Industry Co Ltd,
225570 KS,225570_KS,NEXON Games Co Ltd,
225590 KS,225590_KS,Fashion Platform Co Ltd,
226330 KS,226330_KS,"SyntekaBio,Inc",
226340 KS,226340_KS,Bonne Co Ltd,
226360 KS,226360_KS,KH Construction Co Ltd,
226400 KS,226400_KS,OSTEONIC CO Ltd,
226440 KS,226440_KS,HANSONGNEOTECH CO Ltd,
226950 KS,226950_KS,Olix Pharmaceuticals Inc,Health Care
227100 KS,227100_KS,H&B Design Co Ltd,
227610 KS,227610_KS,Outin Futures Co Ltd,
227950 KS,227950_KS,N2TECH CO Ltd,
228340 KS,228340_KS,TONGYANGPILE CO Ltd,
228670 KS,228670_KS,RAY CO Ltd,
228760 KS,228760_KS,Genomictree Inc,
228850 KS,228850_KS,RAYENCE CO Ltd,
229000 KS,229000_KS,Gencurix Inc,
230240 KS,230240_KS,Hfr Inc,Information Technology
230360 KS,230360_KS,ECHO Marketing Inc,
230980 KS,230980_KS,AIIT ONE Co Ltd,
232140 KS,232140_KS,YIK Corporation,
232680 KS,232680_KS,RAONTEC INC,
232830 KS,232830_KS,SECUCEN CO Ltd,
234100 KS,234100_KS,"Sewon Co.,Ltd",
234300 KS,234300_KS,STRAFFIC Co Ltd,
234340 KS,234340_KS,Hecto Financial Co Ltd,
234690 KS,234690_KS,GREEN CROSS WellBeing Corporation,
234920 KS,234920_KS,Zaigle Co Ltd,
235980 KS,235980_KS,Medpacto Inc,Health Care
236200 KS,236200_KS,SUPREMA INC,
236810 KS,236810_KS,NBT INC,
237690 KS,237690_KS,ST Pharm Co.Ltd,Health Care
237750 KS,237750_KS,PNC Technologies Co Ltd,
237820 KS,237820_KS,PlayD Co.Ltd,
237880 KS,237880_KS,CLIO Cosmetics Co Ltd,
238090 KS,238090_KS,NDFOS CO Ltd,
238120 KS,238120_KS,"Aligned Genetics, Inc",
238200 KS,238200_KS,BIFIDO. Co. Ltd,
238490 KS,238490_KS,HIMS CO Ltd,
239340 KS,239340_KS,ZUMinternet Corp,
239610 KS,239610_KS,HLSCIENCE Co Ltd,
239890 KS,239890_KS,P＆H TECH CO Ltd,
240810 KS,240810_KS,WONIK IPS CO LTD,Information Technology
241520 KS,241520_KS,DSC Investment Inc,
241690 KS,241690_KS,UNITEKNO CO Ltd,
241710 KS,241710_KS,Cosmecca Korea Co Ltd,
241770 KS,241770_KS,MECARO CO Ltd,
241790 KS,241790_KS,OCEANBRIDGE CO Ltd,
241820 KS,241820_KS,PCL. Inc,
241840 KS,241840_KS,ASTORY Co Ltd,
242040 KS,242040_KS,NAMU TECH CO Ltd,
243070 KS,243070_KS,HUONS LTD,Health Care
243840 KS,243840_KS,Shin Heung Energy＆Electronics Co Ltd,
244460 KS,244460_KS,OLIPASS CORPORATION,
245620 KS,245620_KS,Eone Diagnomics Ltd,Health Care
246690 KS,246690_KS,,
246710 KS,246710_KS,T＆R Biofab Co Ltd,
246720 KS,246720_KS,ASTA Co Ltd,
246960 KS,246960_KS,InnoTherapy Inc,
247540 KS,247540_KS,Ecopro Bm Ltd,Industrials
247660 KS,247660_KS,NANOCMS CO Ltd,
250000 KS,250000_KS,BORATR CO Ltd,
250060 KS,250060_KS,Mobiis Co Ltd,
250930 KS,250930_KS,YeSUN Tech co Ltd,
251120 KS,251120_KS,BIO-FD&C CO Ltd,
251370 KS,251370_KS,YMT CO Ltd,
251630 KS,251630_KS,V-ONE TECH CO Ltd,
251970 KS,251970_KS,PUM-TECH KOREA CO Ltd,
252500 KS,252500_KS,SEWHA P&C INC,
252990 KS,252990_KS,SEMCNS Co Ltd,
253450 KS,253450_KS,STUDIO DRAGON CORP COMMON STOCK KRW 500,Communication Services
253590 KS,253590_KS,Neosem Inc,
253840 KS,253840_KS,Sugentech Co Ltd,
254120 KS,254120_KS,XAVIS CO Ltd,
254490 KS,254490_KS,MIRAI SEMICONDUCTORS CO Ltd,
255220 KS,255220_KS,SG CO Ltd,
255440 KS,255440_KS,YAS CO Ltd,
256150 KS,256150_KS,HANDOK CLEAN TECH CO Ltd,
256630 KS,256630_KS,POINT ENGINEERING CO Ltd,
256840 KS,256840_KS,BNC Korea Co. Ltd,Health Care
256940 KS,256940_KS,KPS Corporation,
257370 KS,257370_KS,Mstns Co Ltd,
257720 KS,257720_KS,SILICON 2 Co Ltd,
258610 KS,258610_KS,CAELUM Co Ltd,
258790 KS,258790_KS,SOFTCAMP CO Ltd,
258830 KS,258830_KS,"SEJONG MEDICAL Co.Ltd.,",
259630 KS,259630_KS,MPlus Corp ,
260660 KS,260660_KS,KOREA ARLICO PHARM CO Ltd,
260930 KS,260930_KS,CTK Co Ltd,
260970 KS,260970_KS,S＆D CO Ltd,
261200 KS,261200_KS,DENTIS CO Ltd,
261780 KS,261780_KS,CHA Vaccine Research Institute,
262260 KS,262260_KS,APRO Co Ltd,
262840 KS,262840_KS,IQUEST Co Ltd,
263020 KS,263020_KS,DK＆D CO Ltd,
263050 KS,263050_KS,Eutilex Ltd,Health Care
263540 KS,263540_KS,Earth & Aerospace Manufacturing Ind. Co. Ltd,
263600 KS,263600_KS,DERKWOO ELECTRONICS CO Ltd,
263690 KS,263690_KS,Drgem Corporation Co Ltd,
263700 KS,263700_KS,"Carelabs Co.,Ltd",
263720 KS,263720_KS,D&C MEDIA CO Ltd,
263750 KS,263750_KS,Pearl Abyss Corp,Communication Services
263770 KS,263770_KS,UST CO Ltd,
263800 KS,263800_KS,"Datasolution, Inc",
263810 KS,263810_KS,SANGSHIN ELECTRONICS CO Ltd,
263860 KS,263860_KS,"GENIANS, INC",
263920 KS,263920_KS,HuM&C Co Ltd,
264450 KS,264450_KS,UBIQUOSS CO Ltd,
264660 KS,264660_KS,C＆G Hi Tech Co Ltd,
264850 KS,264850_KS,Elensys Co Ltd,
265520 KS,265520_KS,ADVANCED PROCESS SYSTEMS CORP,Information Technology
265560 KS,265560_KS,YOUNG HWA TECH CO Ltd,
265740 KS,265740_KS,NFC Corporation,
267320 KS,267320_KS,Naintech. CO Ltd,
267790 KS,267790_KS,BARREL Co Ltd,
267980 KS,267980_KS,MAEIL DAIRIES LTD,Consumer Staples
268600 KS,268600_KS,Cellivery Therapeutics Inc,Health Care
269620 KS,269620_KS,SYSWORK CO Ltd,
270520 KS,270520_KS,Geolit Energy Co Ltd,
270660 KS,270660_KS,EVERYBOT INC,
270870 KS,270870_KS,Newtree Co Ltd,
271830 KS,271830_KS,pamtek,
272110 KS,272110_KS,KNJ CO Ltd,
272290 KS,272290_KS,INNOX ADVANCED MATERIALS LTD,Information Technology
273060 KS,273060_KS,Wisebirds Inc,
273640 KS,273640_KS,YM Tech Co Ltd,
274090 KS,274090_KS,KENCOA AEROSPACE CO Ltd,
275630 KS,275630_KS,SSR INC,
276040 KS,276040_KS,SKONEC ENTERTAINMENT Co Ltd,
276730 KS,276730_KS,"Jeju Beer Company, Limited",
277070 KS,277070_KS,Lindeman Asia Investment Corporation,
277410 KS,277410_KS,INSAN Inc,
277810 KS,277810_KS,RAINBOW ROBOTICS CO Ltd,
277880 KS,277880_KS,TSI CO Ltd,
278280 KS,278280_KS,Chunbo Ltd,Materials
278650 KS,278650_KS,HLB bioStep Co Ltd,
279600 KS,279600_KS,MediaZen Inc,
281740 KS,281740_KS,LAKE MATERIALS CO Ltd,
282720 KS,282720_KS,KUMYANG GREEN POWER CO Ltd,
282880 KS,282880_KS,COWIN TECH CO Ltd,
284620 KS,284620_KS,"KAINOS MEDICINE, INC",
285490 KS,285490_KS,Novatech Co Ltd,
285800 KS,285800_KS,JINYOUNG CO Ltd,
286750 KS,286750_KS,NANOBRICK Co Ltd,
287410 KS,287410_KS,Jeisys Medical Inc,
288330 KS,288330_KS,"BRIDGE BIOTHERAPEUTICS, INC",
288620 KS,288620_KS,S-Fuelcell Co Ltd,
288980 KS,288980_KS,Moadata Co Ltd,
289010 KS,289010_KS,i-Scream Edu Co Ltd,
289080 KS,289080_KS,SV INVESTMENT CORPORATION,
289220 KS,289220_KS,GIANTSTEP Inc,
290090 KS,290090_KS,TWIM Corp,
290120 KS,290120_KS,DAYOU AUTOPARTS CO Ltd,
290270 KS,290270_KS,"Hunesion co.,ltd",
290380 KS,290380_KS,DAEYU CO Ltd,
290520 KS,290520_KS,SHINDO ENG. LAB Ltd,
290550 KS,290550_KS,DK TECH CO Ltd,
290650 KS,290650_KS,L&C Bio Ltd,Health Care
290660 KS,290660_KS,"NEOFECT Co.,Ltd",
290670 KS,290670_KS,DAEBO MAGNETIC CO Ltd,
290690 KS,290690_KS,SOLUX CO Ltd,
290720 KS,290720_KS,"FOODNAMOO, INC",
290740 KS,290740_KS,"ACTRO CO.,Ltd",
291230 KS,291230_KS,NP Inc,
291650 KS,291650_KS,Aptamer Sciences Inc,
291810 KS,291810_KS,Pintel Co Ltd,
293490 KS,293490_KS,Kakao Games Corp,Communication Services
293580 KS,293580_KS,NAU IB Capital,
293780 KS,293780_KS,Aptabio Therapeutics Inc,Health Care
294090 KS,294090_KS,Eoflow Ltd,Health Care
294140 KS,294140_KS,Lemon Ltd,Materials
294570 KS,294570_KS,coocon Corporation,
294630 KS,294630_KS,SuNAM Co Ltd,
296640 KS,296640_KS,INNORULES CO Ltd,
297090 KS,297090_KS,CS BEARING Co Ltd,
297570 KS,297570_KS,ALOYS Inc,
297890 KS,297890_KS,HB SOLUTION CO Ltd,
298060 KS,298060_KS,SCM Lifescience Co Ltd,
298380 KS,298380_KS,Abl Bio Inc,Health Care
298540 KS,298540_KS,THE NATURE HOLDINGS CO Ltd,
298830 KS,298830_KS,Suresofttech Inc,
298870 KS,298870_KS,Woori Venture Partners Co Ltd,
299030 KS,299030_KS,HANA Technology Co Ltd,
299170 KS,299170_KS,WSI Co Ltd,
299660 KS,299660_KS,Cellid Ltd,Health Care
299900 KS,299900_KS,WYSIWYG STUDIOS CO Ltd,
299910 KS,299910_KS,Vespa Inc,
300080 KS,300080_KS,Flitto Inc,
300120 KS,300120_KS,LaonPeople Inc,
301300 KS,301300_KS,VAIV company Inc,
302430 KS,302430_KS,Innometry Co Ltd,
302550 KS,302550_KS,REMED CO Ltd,
303030 KS,303030_KS,Zinitix Co Ltd,
303360 KS,303360_KS,PROTEOMETECH INC,
303530 KS,303530_KS,INNODEP INC,
304100 KS,304100_KS,SALTLUX INC,
304360 KS,304360_KS,S.Biomedics Co Ltd,
304840 KS,304840_KS,"PeopleBio, Inc",
305090 KS,305090_KS,Micro Digital Co Ltd,
306040 KS,306040_KS,SJ Group Co Ltd,
306620 KS,306620_KS,Neontech Co Ltd,
307180 KS,307180_KS,IL SCIENCE CO Ltd,
307280 KS,307280_KS,Wonbiogen Co Ltd,
307750 KS,307750_KS,KUKJEON PHARMACEUTICAL CO Ltd,
307870 KS,307870_KS,B2En Co Ltd,
307930 KS,307930_KS,COMPANY K PARTNERS LIMITED,
308080 KS,308080_KS,ViGenCell Inc,
308100 KS,308100_KS,Castelbajac Co Ltd,
309930 KS,309930_KS,OHEIM INT Co Ltd,
309960 KS,309960_KS,LB Investment Inc,
310200 KS,310200_KS,ANIPLUS INC,
310210 KS,310210_KS,"Voronoi, Inc",
310870 KS,310870_KS,DYC CO Ltd,
311320 KS,311320_KS,GO Element Co Ltd,
311390 KS,311390_KS,Neo Cremar Co Ltd,
311690 KS,311690_KS,CJ Bioscience,
312610 KS,312610_KS,A.F.W Co Ltd,
313760 KS,313760_KS,WILLINGS CO Ltd,
314130 KS,314130_KS,Genome&Company,
314140 KS,314140_KS,RPbio Inc,
314930 KS,314930_KS,BIODYNE CO Ltd,
315640 KS,315640_KS,DEEPNOID Inc,
317120 KS,317120_KS,RANIX INC,
317240 KS,317240_KS,TS Trillion Co Ltd,
317330 KS,317330_KS,DUKSAN TECHOPIA CO Ltd,
317530 KS,317530_KS,CARRIESOFT Co Ltd,
317690 KS,317690_KS,QuantaMatrix Incorporated,
317770 KS,317770_KS,Xperix Inc,
317830 KS,317830_KS,SP SYSTEMS CO Ltd,
317850 KS,317850_KS,DAEMO Engineering Co Ltd,
317870 KS,317870_KS,ENVIONEER CO Ltd,
318000 KS,318000_KS,KBG Corp,
318010 KS,318010_KS,Pharmsville Co Ltd,
318020 KS,318020_KS,POINT MOBILE Co Ltd,
318160 KS,318160_KS,Cell Bio Human Tech Co Ltd,
318410 KS,318410_KS,Best Bristle Company Co Ltd,
319400 KS,319400_KS,HYUNDAI MOVEX Co Ltd,
319660 KS,319660_KS,Psk Inc,Information Technology
320000 KS,320000_KS,WINTEC Co Ltd,
321260 KS,321260_KS,PRO2000 CO Ltd,
321550 KS,321550_KS,TiumBio Co Ltd,
321820 KS,321820_KS,Wider Planet Inc,
322180 KS,322180_KS,THiRA-UTECH CO Ltd,
322310 KS,322310_KS,AUROSTECHNOLOGY INC,
322510 KS,322510_KS,"JLK, Inc",
322780 KS,322780_KS,COPUS KOREA Co Ltd,
323230 KS,323230_KS,MFM KOREA Co Ltd,
323280 KS,323280_KS,TAESUNG CO Ltd,
323990 KS,323990_KS,Vaxcell Bio Therapeutics,Health Care
327260 KS,327260_KS,RF Materials Co Ltd,
328130 KS,328130_KS,Lunit Inc,
328380 KS,328380_KS,Saltware Co Ltd,
330350 KS,330350_KS,Withus Pharmaceutical. Co Ltd,
330730 KS,330730_KS,Stonebridge Ventures Inc,
330860 KS,330860_KS,Nepes Ark Corporation,
331380 KS,331380_KS,FOCUSHNS CO Ltd,
331520 KS,331520_KS,VALOFE Co Ltd,
331920 KS,331920_KS,"Celemics, Inc",
332290 KS,332290_KS,NOUSBO CO Ltd,
332370 KS,332370_KS,IDP Corp Ltd,
332570 KS,332570_KS,WiPAM CO Ltd,
333050 KS,333050_KS,"MOCOMSYS, Inc",
333430 KS,333430_KS,ILSUENG CO Ltd,
333620 KS,333620_KS,N sys Co Ltd,
334970 KS,334970_KS,Prestige Biologics Co Ltd,
335810 KS,335810_KS,Precision Biosensor Inc,
335870 KS,335870_KS,,
335890 KS,335890_KS,VIOL Co Ltd,
336060 KS,336060_KS,"WAVUS Co.,Ltd",
336570 KS,336570_KS,WON TECH Co Ltd,
337930 KS,337930_KS,Brand X  Co Ltd,
338220 KS,338220_KS,"VUNO, Inc",
339950 KS,339950_KS,IBKIMYOUNG CO Ltd,
340360 KS,340360_KS,DAVOLINK INC,
340440 KS,340440_KS,SERIM B＆G Co Ltd,
340570 KS,340570_KS,T＆L Co Ltd,
340810 KS,340810_KS,CUBOX Co Ltd,
340930 KS,340930_KS,Youil Energy Tech Co Ltd,
344860 KS,344860_KS,INNOGENE Co Ltd,
347000 KS,347000_KS,SENKO CO Ltd,
347700 KS,347700_KS,Life Semantics Corp,
347740 KS,347740_KS,P&K Skin Research Center Co Ltd,
347770 KS,347770_KS,PIMS INC,
347860 KS,347860_KS,Alchera Inc,
347890 KS,347890_KS,M2I CORPORATION,
348030 KS,348030_KS,MOBIRIX Corporation,
348080 KS,348080_KS,,
348150 KS,348150_KS,"KoBioLabs, Inc",
348210 KS,348210_KS,Nextin Inc,Information Technology
348340 KS,348340_KS,Neuromeka Co Ltd,
348350 KS,348350_KS,"WITHTECH, Inc",
348370 KS,348370_KS,Enchem Co Ltd,Materials
351320 KS,351320_KS,Solution Advanced Technology Co Ltd,
351330 KS,351330_KS,ISAAC Engineering Co Ltd,
352480 KS,352480_KS,C＆C International Corp,
352700 KS,352700_KS,CNTUS CO Ltd,
352770 KS,352770_KS,Clinomics Inc,
352910 KS,352910_KS,Obigo Inc,
352940 KS,352940_KS,ENBIOCO Ltd,
353060 KS,353060_KS,,
353190 KS,353190_KS,Hurum Co Ltd,
353590 KS,353590_KS,AUTO& Inc,
353810 KS,353810_KS,Easy Bio Inc,Consumer Staples
354200 KS,354200_KS,NGeneBio Co Ltd,
355150 KS,355150_KS,KOSTECSYS. CO Ltd,
356680 KS,356680_KS,AXGATE Co Ltd,
356860 KS,356860_KS,TLB CO Ltd,
356890 KS,356890_KS,CyberOne Co Ltd,
357230 KS,357230_KS,H.PIO Co Ltd,
357550 KS,357550_KS,Sukgyung AT Co Ltd,
357580 KS,357580_KS,AMOSENSE CO Ltd,
357780 KS,357780_KS,Soulbrain Ltd,Materials
357880 KS,357880_KS,"Bitnine Co, Ltd",
358570 KS,358570_KS,GI Innovation Inc,
359090 KS,359090_KS,C&R Research Inc,
360070 KS,360070_KS,TOP MATERIAL Co Ltd,
361390 KS,361390_KS,Genohco Inc,
361570 KS,361570_KS,RBW Inc,
361670 KS,361670_KS,SAMYOUNG S&C CO Ltd,
362320 KS,362320_KS,CHUNGDAMGLOBAL Co Ltd,
363250 KS,363250_KS,Genesystem Co Ltd,
363260 KS,363260_KS,Mobidays Inc,
365270 KS,365270_KS,"curacle co., ltd",
365340 KS,365340_KS,SungEel HiTech Co Ltd,
365590 KS,365590_KS,HiDeep Inc,
365900 KS,365900_KS,VC Inc,
366030 KS,366030_KS,09women Co Ltd,
366330 KS,366330_KS,,
367000 KS,367000_KS,Plateer Co Ltd,
367340 KS,367340_KS,,
367360 KS,367360_KS,,
367480 KS,367480_KS,,
368600 KS,368600_KS,ICH Co Ltd,
368770 KS,368770_KS,"FIBERPRO,Inc",
368970 KS,368970_KS,OSP Co Ltd,
369370 KS,369370_KS,Blitzway Co Ltd,
370090 KS,370090_KS,Furonteer Inc,
371950 KS,371950_KS,POONGWON PRECISION CO Ltd,
372170 KS,372170_KS,"YUNSUNG F&C Co.,Ltd",
372290 KS,372290_KS,,
372800 KS,372800_KS,ITeyes Inc,
373200 KS,373200_KS,HaAINC KOREA CO Ltd,
373340 KS,373340_KS,,
376180 KS,376180_KS,picogram Co Ltd,
376190 KS,376190_KS,LB LUSEM CO Ltd,
376290 KS,376290_KS,Cutech Co Ltd,
376300 KS,376300_KS,DEAR U Co Ltd,
376930 KS,376930_KS,Noul Co Ltd,
376980 KS,376980_KS,Wanted Lab Inc,
377030 KS,377030_KS,MAXST Co Ltd,
377220 KS,377220_KS,From Bio Co Ltd,
377330 KS,377330_KS,EGTRONICS CO Ltd,
377400 KS,377400_KS,,
377450 KS,377450_KS,REFINE Co Ltd,
377460 KS,377460_KS,WINIA AID CO Ltd,
377480 KS,377480_KS,"MINDS LAB, INC",
377630 KS,377630_KS,,
378800 KS,378800_KS,Shaperon Inc,
380320 KS,380320_KS,,
380540 KS,380540_KS,OptiCore Inc,
382480 KS,382480_KS,G.I.Tech Co Ltd,
382800 KS,382800_KS,"GnBS eco Co.,Ltd",
382840 KS,382840_KS,ONEJOON CO Ltd,
382900 KS,382900_KS,Bumhan Fuel Cell Co Ltd,
383310 KS,383310_KS,ECOPRO HN CO Ltd,Materials
383930 KS,383930_KS,DT&CRO CO Ltd,
386580 KS,386580_KS,,
388050 KS,388050_KS,G2POWER CO Ltd,
388720 KS,388720_KS,Yuilrobotics Co Ltd,
388790 KS,388790_KS,LiComm Co Ltd,
388800 KS,388800_KS,,
389020 KS,389020_KS,Zaram Technology Inc,
389030 KS,389030_KS,GENINUS Inc,
389140 KS,389140_KS,4by4 Inc,
389260 KS,389260_KS,DaeMyoung Energy Co Ltd,
389470 KS,389470_KS,Inventage Lab Inc,
389500 KS,389500_KS,SBB TECH Co Ltd,
391060 KS,391060_KS,,
391710 KS,391710_KS,Kornic Automation Co.Ltd,
393210 KS,393210_KS,TOMATOSYSTEM Co Ltd,
393360 KS,393360_KS,,
393890 KS,393890_KS,W-SCOPE CHUNGJU PLANT Co Ltd,
394280 KS,394280_KS,"Openedges Technology, Inc",
396270 KS,396270_KS,Nextchip Co Ltd,
396300 KS,396300_KS,SeA Mechanics Co Ltd,
397030 KS,397030_KS,AprilBio Co Ltd,
397880 KS,397880_KS,,
399720 KS,399720_KS,GAONCHIPS CO Ltd,
400560 KS,400560_KS,,
400840 KS,400840_KS,,
402030 KS,402030_KS,KONAN TECHNOLOGY INCORPORATION,
403870 KS,403870_KS,HPSP CO Ltd,
404950 KS,404950_KS,,
405000 KS,405000_KS,Plasmapp Co Ltd,
405100 KS,405100_KS,Quality Reliability Technology Inc,
405350 KS,405350_KS,,
405640 KS,405640_KS,,
405920 KS,405920_KS,,
406760 KS,406760_KS,,
407400 KS,407400_KS,GGUMBI Inc,
408900 KS,408900_KS,Studio Mir Co Ltd,
408920 KS,408920_KS,"Messe eSang Co.,Ltd",
409570 KS,409570_KS,,
411080 KS,411080_KS,SANDS LAB Inc,
412350 KS,412350_KS,Laserssel Co Ltd,
412930 KS,412930_KS,,
413600 KS,413600_KS,,
413630 KS,413630_KS,,
415580 KS,415580_KS,,
417010 KS,417010_KS,NanoTIM Co Ltd,
417180 KS,417180_KS,Finger Story CO Ltd,
417500 KS,417500_KS,JI-TECH Co Ltd,
417790 KS,417790_KS,TRUEN Co Ltd,
417840 KS,417840_KS,Justem.CO Ltd,
417860 KS,417860_KS,OBZEN Inc,
417970 KS,417970_KS,MODEL SOLUTION CO Ltd,
418170 KS,418170_KS,,
418210 KS,418210_KS,,
418420 KS,418420_KS,RAONTECH INC,
418550 KS,418550_KS,JEIO. CO Ltd,
419050 KS,419050_KS,,
419080 KS,419080_KS,ENJET Co Ltd,
419120 KS,419120_KS,"Sandoll, Inc",
419270 KS,419270_KS,,
419530 KS,419530_KS,SAMG ENTERTAINMENT CO Ltd,
419540 KS,419540_KS,Bistos Co Ltd,
420770 KS,420770_KS,GigaVis Co Ltd,
421800 KS,421800_KS,,
422040 KS,422040_KS,,
424140 KS,424140_KS,,
424760 KS,424760_KS,Bellock Inc,
424980 KS,424980_KS,"MICRO2NANO, Inc",
425040 KS,425040_KS,TEMC Co Ltd,
425290 KS,425290_KS,,
425420 KS,425420_KS,TFE Co Ltd,
426550 KS,426550_KS,,
427950 KS,427950_KS,,
430220 KS,430220_KS,,
430230 KS,430230_KS,,
430460 KS,430460_KS,,
430700 KS,430700_KS,,
433530 KS,433530_KS,,
434480 KS,434480_KS,MONITORAPP CO Ltd,
435380 KS,435380_KS,,
435620 KS,435620_KS,,
435870 KS,435870_KS,,
436530 KS,436530_KS,,
436610 KS,436610_KS,,
437780 KS,437780_KS,,
438220 KS,438220_KS,,
438580 KS,438580_KS,,
439090 KS,439090_KS,,
439250 KS,439250_KS,,
439410 KS,439410_KS,,
439730 KS,439730_KS,,
440200 KS,440200_KS,,
440790 KS,440790_KS,,
440820 KS,440820_KS,,
441270 KS,441270_KS,Fine M-Tec Co Ltd,
442130 KS,442130_KS,,
442310 KS,442310_KS,,
442770 KS,442770_KS,,
442900 KS,442900_KS,,
445360 KS,445360_KS,,
445970 KS,445970_KS,,
446150 KS,446150_KS,,
446190 KS,446190_KS,,
446750 KS,446750_KS,,
446840 KS,446840_KS,,
448370 KS,448370_KS,,
448740 KS,448740_KS,,
448760 KS,448760_KS,,
448830 KS,448830_KS,,
449020 KS,449020_KS,,
450050 KS,450050_KS,,
450410 KS,450410_KS,,
451700 KS,451700_KS,,
