ticker,field,name,value,position
RIY Index,INDX_MEMBERS,Member Ticker and Exchange Code,A UN,0
RIY Index,INDX_MEMBERS,Member Ticker and Exchange Code,AA UN,1
RIY Index,INDX_MEMBERS,Member Ticker and Exchange Code,AAL UW,2
RIY Index,INDX_MEMBERS,Member Ticker and Exchange Code,AAP UN,3
RIY Index,INDX_MEMBERS,Member Ticker and Exchange Code,AAPL UW,4
RIY Index,INDX_MEMBERS,Member Ticker and Exchange Code,ABBV UN,5
RIY Index,INDX_MEMBERS,Member Ticker and Exchange Code,ABC UN,6
RIY Index,INDX_MEMBERS,Member Ticker and Exchange Code,ABNB UW,7
RIY Index,INDX_MEMBERS,Member Ticker and Exchange Code,ABT UN,8
RIY Index,INDX_MEMBERS,Member Ticker and Exchange Code,ACGL UW,9
RIY Index,INDX_MEMBERS,Member Ticker and Exchange Code,ACHC UW,10
RIY Index,INDX_MEMBERS,Member Ticker and Exchange Code,ACI UN,11
RIY Index,INDX_MEMBERS,Member Ticker and Exchange Code,ACM UN,12
RIY Index,INDX_MEMBERS,Member Ticker and Exchange Code,ACN UN,13
RIY Index,INDX_MEMBERS,Member Ticker and Exchange Code,ADBE UW,14
RIY Index,INDX_MEMBERS,Member Ticker and Exchange Code,ADI UW,15
RIY Index,INDX_MEMBERS,Member Ticker and Exchange Code,ADM UN,16
RIY Index,INDX_MEMBERS,Member Ticker and Exchange Code,ADP UW,17
RIY Index,INDX_MEMBERS,Member Ticker and Exchange Code,ADSK UW,18
RIY Index,INDX_MEMBERS,Member Ticker and Exchange Code,ADT UN,19
RIY Index,INDX_MEMBERS,Member Ticker and Exchange Code,AEE UN,20
RIY Index,INDX_MEMBERS,Member Ticker and Exchange Code,AEP UW,21
RIY Index,INDX_MEMBERS,Member Ticker and Exchange Code,AES UN,22
RIY Index,INDX_MEMBERS,Member Ticker and Exchange Code,AFG UN,23
RIY Index,INDX_MEMBERS,Member Ticker and Exchange Code,AFL UN,24
RIY Index,INDX_MEMBERS,Member Ticker and Exchange Code,AFRM UW,25
RIY Index,INDX_MEMBERS,Member Ticker and Exchange Code,AGCO UN,26
RIY Index,INDX_MEMBERS,Member Ticker and Exchange Code,AGL UN,27
RIY Index,INDX_MEMBERS,Member Ticker and Exchange Code,AGNC UW,28
RIY Index,INDX_MEMBERS,Member Ticker and Exchange Code,AGO UN,29
RIY Index,INDX_MEMBERS,Member Ticker and Exchange Code,AGR UN,30
RIY Index,INDX_MEMBERS,Member Ticker and Exchange Code,AIG UN,31
RIY Index,INDX_MEMBERS,Member Ticker and Exchange Code,AIRC UN,32
RIY Index,INDX_MEMBERS,Member Ticker and Exchange Code,AIZ UN,33
RIY Index,INDX_MEMBERS,Member Ticker and Exchange Code,AJG UN,34
RIY Index,INDX_MEMBERS,Member Ticker and Exchange Code,AKAM UW,35
RIY Index,INDX_MEMBERS,Member Ticker and Exchange Code,AL UN,36
RIY Index,INDX_MEMBERS,Member Ticker and Exchange Code,ALB UN,37
RIY Index,INDX_MEMBERS,Member Ticker and Exchange Code,ALGM UW,38
RIY Index,INDX_MEMBERS,Member Ticker and Exchange Code,ALGN UW,39
RIY Index,INDX_MEMBERS,Member Ticker and Exchange Code,ALK UN,40
RIY Index,INDX_MEMBERS,Member Ticker and Exchange Code,ALL UN,41
RIY Index,INDX_MEMBERS,Member Ticker and Exchange Code,ALLE UN,42
RIY Index,INDX_MEMBERS,Member Ticker and Exchange Code,ALLY UN,43
RIY Index,INDX_MEMBERS,Member Ticker and Exchange Code,ALNY UW,44
RIY Index,INDX_MEMBERS,Member Ticker and Exchange Code,ALSN UN,45
RIY Index,INDX_MEMBERS,Member Ticker and Exchange Code,AM UN,46
RIY Index,INDX_MEMBERS,Member Ticker and Exchange Code,AMAT UW,47
RIY Index,INDX_MEMBERS,Member Ticker and Exchange Code,AMBP UN,48
RIY Index,INDX_MEMBERS,Member Ticker and Exchange Code,AMC UN,49
RIY Index,INDX_MEMBERS,Member Ticker and Exchange Code,AMCR UN,50
RIY Index,INDX_MEMBERS,Member Ticker and Exchange Code,AMD UW,51
RIY Index,INDX_MEMBERS,Member Ticker and Exchange Code,AME UN,52
RIY Index,INDX_MEMBERS,Member Ticker and Exchange Code,AMED UW,53
RIY Index,INDX_MEMBERS,Member Ticker and Exchange Code,AMG UN,54
RIY Index,INDX_MEMBERS,Member Ticker and Exchange Code,AMGN UW,55
RIY Index,INDX_MEMBERS,Member Ticker and Exchange Code,AMH UN,56
RIY Index,INDX_MEMBERS,Member Ticker and Exchange Code,AMP UN,57
RIY Index,INDX_MEMBERS,Member Ticker and Exchange Code,AMT UN,58
RIY Index,INDX_MEMBERS,Member Ticker and Exchange Code,AMZN UW,59
RIY Index,INDX_MEMBERS,Member Ticker and Exchange Code,AN UN,60
RIY Index,INDX_MEMBERS,Member Ticker and Exchange Code,ANET UN,61
RIY Index,INDX_MEMBERS,Member Ticker and Exchange Code,ANSS UW,62
RIY Index,INDX_MEMBERS,Member Ticker and Exchange Code,AON UN,63
RIY Index,INDX_MEMBERS,Member Ticker and Exchange Code,AOS UN,64
RIY Index,INDX_MEMBERS,Member Ticker and Exchange Code,APA UW,65
RIY Index,INDX_MEMBERS,Member Ticker and Exchange Code,APD UN,66
RIY Index,INDX_MEMBERS,Member Ticker and Exchange Code,APH UN,67
RIY Index,INDX_MEMBERS,Member Ticker and Exchange Code,APO UN,68
RIY Index,INDX_MEMBERS,Member Ticker and Exchange Code,APP UW,69
RIY Index,INDX_MEMBERS,Member Ticker and Exchange Code,APTV UN,70
RIY Index,INDX_MEMBERS,Member Ticker and Exchange Code,AR UN,71
RIY Index,INDX_MEMBERS,Member Ticker and Exchange Code,ARE UN,72
RIY Index,INDX_MEMBERS,Member Ticker and Exchange Code,ARES UN,73
RIY Index,INDX_MEMBERS,Member Ticker and Exchange Code,ARMK UN,74
RIY Index,INDX_MEMBERS,Member Ticker and Exchange Code,ARW UN,75
RIY Index,INDX_MEMBERS,Member Ticker and Exchange Code,ASH UN,76
RIY Index,INDX_MEMBERS,Member Ticker and Exchange Code,ATO UN,77
RIY Index,INDX_MEMBERS,Member Ticker and Exchange Code,ATR UN,78
RIY Index,INDX_MEMBERS,Member Ticker and Exchange Code,ATUS UN,79
RIY Index,INDX_MEMBERS,Member Ticker and Exchange Code,ATVI UW,80
RIY Index,INDX_MEMBERS,Member Ticker and Exchange Code,AVB UN,81
RIY Index,INDX_MEMBERS,Member Ticker and Exchange Code,AVGO UW,82
RIY Index,INDX_MEMBERS,Member Ticker and Exchange Code,AVT UW,83
RIY Index,INDX_MEMBERS,Member Ticker and Exchange Code,AVTR UN,84
RIY Index,INDX_MEMBERS,Member Ticker and Exchange Code,AVY UN,85
RIY Index,INDX_MEMBERS,Member Ticker and Exchange Code,AWI UN,86
RIY Index,INDX_MEMBERS,Member Ticker and Exchange Code,AWK UN,87
RIY Index,INDX_MEMBERS,Member Ticker and Exchange Code,AXON UW,88
RIY Index,INDX_MEMBERS,Member Ticker and Exchange Code,AXP UN,89
RIY Index,INDX_MEMBERS,Member Ticker and Exchange Code,AXS UN,90
RIY Index,INDX_MEMBERS,Member Ticker and Exchange Code,AXTA UN,91
RIY Index,INDX_MEMBERS,Member Ticker and Exchange Code,AYI UN,92
RIY Index,INDX_MEMBERS,Member Ticker and Exchange Code,AYX UN,93
RIY Index,INDX_MEMBERS,Member Ticker and Exchange Code,AZEK UN,94
RIY Index,INDX_MEMBERS,Member Ticker and Exchange Code,AZO UN,95
RIY Index,INDX_MEMBERS,Member Ticker and Exchange Code,AZPN UW,96
RIY Index,INDX_MEMBERS,Member Ticker and Exchange Code,AZTA UW,97
RIY Index,INDX_MEMBERS,Member Ticker and Exchange Code,BA UN,98
RIY Index,INDX_MEMBERS,Member Ticker and Exchange Code,BAC UN,99
RIY Index,INDX_MEMBERS,Member Ticker and Exchange Code,BAH UN,100
RIY Index,INDX_MEMBERS,Member Ticker and Exchange Code,BALL UN,101
RIY Index,INDX_MEMBERS,Member Ticker and Exchange Code,BAX UN,102
RIY Index,INDX_MEMBERS,Member Ticker and Exchange Code,BBWI UN,103
RIY Index,INDX_MEMBERS,Member Ticker and Exchange Code,BBY UN,104
RIY Index,INDX_MEMBERS,Member Ticker and Exchange Code,BC UN,105
RIY Index,INDX_MEMBERS,Member Ticker and Exchange Code,BDX UN,106
RIY Index,INDX_MEMBERS,Member Ticker and Exchange Code,BEN UN,107
RIY Index,INDX_MEMBERS,Member Ticker and Exchange Code,BEPC UN,108
RIY Index,INDX_MEMBERS,Member Ticker and Exchange Code,BERY UN,109
RIY Index,INDX_MEMBERS,Member Ticker and Exchange Code,BF/A UN,110
RIY Index,INDX_MEMBERS,Member Ticker and Exchange Code,BF/B UN,111
RIY Index,INDX_MEMBERS,Member Ticker and Exchange Code,BFAM UN,112
RIY Index,INDX_MEMBERS,Member Ticker and Exchange Code,BG UN,113
RIY Index,INDX_MEMBERS,Member Ticker and Exchange Code,BHF UW,114
RIY Index,INDX_MEMBERS,Member Ticker and Exchange Code,BIIB UW,115
RIY Index,INDX_MEMBERS,Member Ticker and Exchange Code,BILL UN,116
RIY Index,INDX_MEMBERS,Member Ticker and Exchange Code,BIO UN,117
RIY Index,INDX_MEMBERS,Member Ticker and Exchange Code,BJ UN,118
RIY Index,INDX_MEMBERS,Member Ticker and Exchange Code,BK UN,119
RIY Index,INDX_MEMBERS,Member Ticker and Exchange Code,BKI UN,120
RIY Index,INDX_MEMBERS,Member Ticker and Exchange Code,BKNG UW,121
RIY Index,INDX_MEMBERS,Member Ticker and Exchange Code,BKR UW,122
RIY Index,INDX_MEMBERS,Member Ticker and Exchange Code,BLD UN,123
RIY Index,INDX_MEMBERS,Member Ticker and Exchange Code,BLDR UN,124
RIY Index,INDX_MEMBERS,Member Ticker and Exchange Code,BLK UN,125
RIY Index,INDX_MEMBERS,Member Ticker and Exchange Code,BMRN UW,126
RIY Index,INDX_MEMBERS,Member Ticker and Exchange Code,BMY UN,127
RIY Index,INDX_MEMBERS,Member Ticker and Exchange Code,BOH UN,128
RIY Index,INDX_MEMBERS,Member Ticker and Exchange Code,BOKF UW,129
RIY Index,INDX_MEMBERS,Member Ticker and Exchange Code,BPOP UW,130
RIY Index,INDX_MEMBERS,Member Ticker and Exchange Code,BR UN,131
RIY Index,INDX_MEMBERS,Member Ticker and Exchange Code,BRK/B UN,132
RIY Index,INDX_MEMBERS,Member Ticker and Exchange Code,BRKR UW,133
RIY Index,INDX_MEMBERS,Member Ticker and Exchange Code,BRO UN,134
RIY Index,INDX_MEMBERS,Member Ticker and Exchange Code,BRX UN,135
RIY Index,INDX_MEMBERS,Member Ticker and Exchange Code,BSX UN,136
RIY Index,INDX_MEMBERS,Member Ticker and Exchange Code,BSY UW,137
RIY Index,INDX_MEMBERS,Member Ticker and Exchange Code,BURL UN,138
RIY Index,INDX_MEMBERS,Member Ticker and Exchange Code,BWA UN,139
RIY Index,INDX_MEMBERS,Member Ticker and Exchange Code,BWXT UN,140
RIY Index,INDX_MEMBERS,Member Ticker and Exchange Code,BX UN,141
RIY Index,INDX_MEMBERS,Member Ticker and Exchange Code,BXP UN,142
RIY Index,INDX_MEMBERS,Member Ticker and Exchange Code,BYD UN,143
RIY Index,INDX_MEMBERS,Member Ticker and Exchange Code,C UN,144
RIY Index,INDX_MEMBERS,Member Ticker and Exchange Code,CABO UN,145
RIY Index,INDX_MEMBERS,Member Ticker and Exchange Code,CACC UW,146
RIY Index,INDX_MEMBERS,Member Ticker and Exchange Code,CACI UN,147
RIY Index,INDX_MEMBERS,Member Ticker and Exchange Code,CAG UN,148
RIY Index,INDX_MEMBERS,Member Ticker and Exchange Code,CAH UN,149
RIY Index,INDX_MEMBERS,Member Ticker and Exchange Code,CAR UW,150
RIY Index,INDX_MEMBERS,Member Ticker and Exchange Code,CARR UN,151
RIY Index,INDX_MEMBERS,Member Ticker and Exchange Code,CASY UW,152
RIY Index,INDX_MEMBERS,Member Ticker and Exchange Code,CAT UN,153
RIY Index,INDX_MEMBERS,Member Ticker and Exchange Code,CB UN,154
RIY Index,INDX_MEMBERS,Member Ticker and Exchange Code,CBOE UF,155
RIY Index,INDX_MEMBERS,Member Ticker and Exchange Code,CBRE UN,156
RIY Index,INDX_MEMBERS,Member Ticker and Exchange Code,CBSH UW,157
RIY Index,INDX_MEMBERS,Member Ticker and Exchange Code,CC UN,158
RIY Index,INDX_MEMBERS,Member Ticker and Exchange Code,CCCS UW,159
RIY Index,INDX_MEMBERS,Member Ticker and Exchange Code,CCI UN,160
RIY Index,INDX_MEMBERS,Member Ticker and Exchange Code,CCK UN,161
RIY Index,INDX_MEMBERS,Member Ticker and Exchange Code,CCL UN,162
RIY Index,INDX_MEMBERS,Member Ticker and Exchange Code,CDAY UN,163
RIY Index,INDX_MEMBERS,Member Ticker and Exchange Code,CDNS UW,164
RIY Index,INDX_MEMBERS,Member Ticker and Exchange Code,CDW UW,165
RIY Index,INDX_MEMBERS,Member Ticker and Exchange Code,CE UN,166
RIY Index,INDX_MEMBERS,Member Ticker and Exchange Code,CEG UW,167
RIY Index,INDX_MEMBERS,Member Ticker and Exchange Code,CERT UW,168
RIY Index,INDX_MEMBERS,Member Ticker and Exchange Code,CF UN,169
RIY Index,INDX_MEMBERS,Member Ticker and Exchange Code,CFG UN,170
RIY Index,INDX_MEMBERS,Member Ticker and Exchange Code,CFLT UW,171
RIY Index,INDX_MEMBERS,Member Ticker and Exchange Code,CFR UN,172
RIY Index,INDX_MEMBERS,Member Ticker and Exchange Code,CG UW,173
RIY Index,INDX_MEMBERS,Member Ticker and Exchange Code,CGNX UW,174
RIY Index,INDX_MEMBERS,Member Ticker and Exchange Code,CHD UN,175
RIY Index,INDX_MEMBERS,Member Ticker and Exchange Code,CHDN UW,176
RIY Index,INDX_MEMBERS,Member Ticker and Exchange Code,CHE UN,177
RIY Index,INDX_MEMBERS,Member Ticker and Exchange Code,CHH UN,178
RIY Index,INDX_MEMBERS,Member Ticker and Exchange Code,CHK UW,179
RIY Index,INDX_MEMBERS,Member Ticker and Exchange Code,CHPT UN,180
RIY Index,INDX_MEMBERS,Member Ticker and Exchange Code,CHRW UW,181
RIY Index,INDX_MEMBERS,Member Ticker and Exchange Code,CHTR UW,182
RIY Index,INDX_MEMBERS,Member Ticker and Exchange Code,CI UN,183
RIY Index,INDX_MEMBERS,Member Ticker and Exchange Code,CIEN UN,184
RIY Index,INDX_MEMBERS,Member Ticker and Exchange Code,CINF UW,185
RIY Index,INDX_MEMBERS,Member Ticker and Exchange Code,CL UN,186
RIY Index,INDX_MEMBERS,Member Ticker and Exchange Code,CLF UN,187
RIY Index,INDX_MEMBERS,Member Ticker and Exchange Code,CLH UN,188
RIY Index,INDX_MEMBERS,Member Ticker and Exchange Code,CLVT UN,189
RIY Index,INDX_MEMBERS,Member Ticker and Exchange Code,CLX UN,190
RIY Index,INDX_MEMBERS,Member Ticker and Exchange Code,CMA UN,191
RIY Index,INDX_MEMBERS,Member Ticker and Exchange Code,CMCSA UW,192
RIY Index,INDX_MEMBERS,Member Ticker and Exchange Code,CME UW,193
RIY Index,INDX_MEMBERS,Member Ticker and Exchange Code,CMG UN,194
RIY Index,INDX_MEMBERS,Member Ticker and Exchange Code,CMI UN,195
RIY Index,INDX_MEMBERS,Member Ticker and Exchange Code,CMS UN,196
RIY Index,INDX_MEMBERS,Member Ticker and Exchange Code,CNA UN,197
RIY Index,INDX_MEMBERS,Member Ticker and Exchange Code,CNC UN,198
RIY Index,INDX_MEMBERS,Member Ticker and Exchange Code,CNM UN,199
RIY Index,INDX_MEMBERS,Member Ticker and Exchange Code,CNP UN,200
RIY Index,INDX_MEMBERS,Member Ticker and Exchange Code,CNXC UW,201
RIY Index,INDX_MEMBERS,Member Ticker and Exchange Code,COF UN,202
RIY Index,INDX_MEMBERS,Member Ticker and Exchange Code,COHR UN,203
RIY Index,INDX_MEMBERS,Member Ticker and Exchange Code,COIN UW,204
RIY Index,INDX_MEMBERS,Member Ticker and Exchange Code,COLB UW,205
RIY Index,INDX_MEMBERS,Member Ticker and Exchange Code,COLD UN,206
RIY Index,INDX_MEMBERS,Member Ticker and Exchange Code,COLM UW,207
RIY Index,INDX_MEMBERS,Member Ticker and Exchange Code,COO UN,208
RIY Index,INDX_MEMBERS,Member Ticker and Exchange Code,COP UN,209
RIY Index,INDX_MEMBERS,Member Ticker and Exchange Code,COST UW,210
RIY Index,INDX_MEMBERS,Member Ticker and Exchange Code,COTY UN,211
RIY Index,INDX_MEMBERS,Member Ticker and Exchange Code,CPA UN,212
RIY Index,INDX_MEMBERS,Member Ticker and Exchange Code,CPB UN,213
RIY Index,INDX_MEMBERS,Member Ticker and Exchange Code,CPRI UN,214
RIY Index,INDX_MEMBERS,Member Ticker and Exchange Code,CPRT UW,215
RIY Index,INDX_MEMBERS,Member Ticker and Exchange Code,CPT UN,216
RIY Index,INDX_MEMBERS,Member Ticker and Exchange Code,CR UN,217
RIY Index,INDX_MEMBERS,Member Ticker and Exchange Code,CRBG UN,218
RIY Index,INDX_MEMBERS,Member Ticker and Exchange Code,CRI UN,219
RIY Index,INDX_MEMBERS,Member Ticker and Exchange Code,CRL UN,220
RIY Index,INDX_MEMBERS,Member Ticker and Exchange Code,CRM UN,221
RIY Index,INDX_MEMBERS,Member Ticker and Exchange Code,CRUS UW,222
RIY Index,INDX_MEMBERS,Member Ticker and Exchange Code,CRWD UW,223
RIY Index,INDX_MEMBERS,Member Ticker and Exchange Code,CSCO UW,224
RIY Index,INDX_MEMBERS,Member Ticker and Exchange Code,CSGP UW,225
RIY Index,INDX_MEMBERS,Member Ticker and Exchange Code,CSL UN,226
RIY Index,INDX_MEMBERS,Member Ticker and Exchange Code,CSX UW,227
RIY Index,INDX_MEMBERS,Member Ticker and Exchange Code,CTAS UW,228
RIY Index,INDX_MEMBERS,Member Ticker and Exchange Code,CTLT UN,229
RIY Index,INDX_MEMBERS,Member Ticker and Exchange Code,CTRA UN,230
RIY Index,INDX_MEMBERS,Member Ticker and Exchange Code,CTSH UW,231
RIY Index,INDX_MEMBERS,Member Ticker and Exchange Code,CTVA UN,232
RIY Index,INDX_MEMBERS,Member Ticker and Exchange Code,CUBE UN,233
RIY Index,INDX_MEMBERS,Member Ticker and Exchange Code,CUZ UN,234
RIY Index,INDX_MEMBERS,Member Ticker and Exchange Code,CVNA UN,235
RIY Index,INDX_MEMBERS,Member Ticker and Exchange Code,CVS UN,236
RIY Index,INDX_MEMBERS,Member Ticker and Exchange Code,CVX UN,237
RIY Index,INDX_MEMBERS,Member Ticker and Exchange Code,CW UN,238
RIY Index,INDX_MEMBERS,Member Ticker and Exchange Code,CXT UN,239
RIY Index,INDX_MEMBERS,Member Ticker and Exchange Code,CZR UW,240
RIY Index,INDX_MEMBERS,Member Ticker and Exchange Code,D UN,241
RIY Index,INDX_MEMBERS,Member Ticker and Exchange Code,DAL UN,242
RIY Index,INDX_MEMBERS,Member Ticker and Exchange Code,DAR UN,243
RIY Index,INDX_MEMBERS,Member Ticker and Exchange Code,DASH UN,244
RIY Index,INDX_MEMBERS,Member Ticker and Exchange Code,DBX UW,245
RIY Index,INDX_MEMBERS,Member Ticker and Exchange Code,DCI UN,246
RIY Index,INDX_MEMBERS,Member Ticker and Exchange Code,DD UN,247
RIY Index,INDX_MEMBERS,Member Ticker and Exchange Code,DDOG UW,248
RIY Index,INDX_MEMBERS,Member Ticker and Exchange Code,DE UN,249
RIY Index,INDX_MEMBERS,Member Ticker and Exchange Code,DECK UN,250
RIY Index,INDX_MEMBERS,Member Ticker and Exchange Code,DEI UN,251
RIY Index,INDX_MEMBERS,Member Ticker and Exchange Code,DELL UN,252
RIY Index,INDX_MEMBERS,Member Ticker and Exchange Code,DFS UN,253
RIY Index,INDX_MEMBERS,Member Ticker and Exchange Code,DG UN,254
RIY Index,INDX_MEMBERS,Member Ticker and Exchange Code,DGX UN,255
RIY Index,INDX_MEMBERS,Member Ticker and Exchange Code,DH UW,256
RIY Index,INDX_MEMBERS,Member Ticker and Exchange Code,DHI UN,257
RIY Index,INDX_MEMBERS,Member Ticker and Exchange Code,DHR UN,258
RIY Index,INDX_MEMBERS,Member Ticker and Exchange Code,DINO UN,259
RIY Index,INDX_MEMBERS,Member Ticker and Exchange Code,DIS UN,260
RIY Index,INDX_MEMBERS,Member Ticker and Exchange Code,DISH UW,261
RIY Index,INDX_MEMBERS,Member Ticker and Exchange Code,DKNG UW,262
RIY Index,INDX_MEMBERS,Member Ticker and Exchange Code,DKS UN,263
RIY Index,INDX_MEMBERS,Member Ticker and Exchange Code,DLB UN,264
RIY Index,INDX_MEMBERS,Member Ticker and Exchange Code,DLR UN,265
RIY Index,INDX_MEMBERS,Member Ticker and Exchange Code,DLTR UW,266
RIY Index,INDX_MEMBERS,Member Ticker and Exchange Code,DNA UN,267
RIY Index,INDX_MEMBERS,Member Ticker and Exchange Code,DNB UN,268
RIY Index,INDX_MEMBERS,Member Ticker and Exchange Code,DOCS UN,269
RIY Index,INDX_MEMBERS,Member Ticker and Exchange Code,DOCU UW,270
RIY Index,INDX_MEMBERS,Member Ticker and Exchange Code,DOV UN,271
RIY Index,INDX_MEMBERS,Member Ticker and Exchange Code,DOW UN,272
RIY Index,INDX_MEMBERS,Member Ticker and Exchange Code,DOX UW,273
RIY Index,INDX_MEMBERS,Member Ticker and Exchange Code,DPZ UN,274
RIY Index,INDX_MEMBERS,Member Ticker and Exchange Code,DRI UN,275
RIY Index,INDX_MEMBERS,Member Ticker and Exchange Code,DRVN UW,276
RIY Index,INDX_MEMBERS,Member Ticker and Exchange Code,DT UN,277
RIY Index,INDX_MEMBERS,Member Ticker and Exchange Code,DTE UN,278
RIY Index,INDX_MEMBERS,Member Ticker and Exchange Code,DTM UN,279
RIY Index,INDX_MEMBERS,Member Ticker and Exchange Code,DUK UN,280
RIY Index,INDX_MEMBERS,Member Ticker and Exchange Code,DV UN,281
RIY Index,INDX_MEMBERS,Member Ticker and Exchange Code,DVA UN,282
RIY Index,INDX_MEMBERS,Member Ticker and Exchange Code,DVN UN,283
RIY Index,INDX_MEMBERS,Member Ticker and Exchange Code,DXC UN,284
RIY Index,INDX_MEMBERS,Member Ticker and Exchange Code,DXCM UW,285
RIY Index,INDX_MEMBERS,Member Ticker and Exchange Code,EA UW,286
RIY Index,INDX_MEMBERS,Member Ticker and Exchange Code,EBAY UW,287
RIY Index,INDX_MEMBERS,Member Ticker and Exchange Code,ECL UN,288
RIY Index,INDX_MEMBERS,Member Ticker and Exchange Code,ED UN,289
RIY Index,INDX_MEMBERS,Member Ticker and Exchange Code,EEFT UW,290
RIY Index,INDX_MEMBERS,Member Ticker and Exchange Code,EFX UN,291
RIY Index,INDX_MEMBERS,Member Ticker and Exchange Code,EGP UN,292
RIY Index,INDX_MEMBERS,Member Ticker and Exchange Code,EHAB UN,293
RIY Index,INDX_MEMBERS,Member Ticker and Exchange Code,EHC UN,294
RIY Index,INDX_MEMBERS,Member Ticker and Exchange Code,EIX UN,295
RIY Index,INDX_MEMBERS,Member Ticker and Exchange Code,EL UN,296
RIY Index,INDX_MEMBERS,Member Ticker and Exchange Code,ELAN UN,297
RIY Index,INDX_MEMBERS,Member Ticker and Exchange Code,ELS UN,298
RIY Index,INDX_MEMBERS,Member Ticker and Exchange Code,ELV UN,299
RIY Index,INDX_MEMBERS,Member Ticker and Exchange Code,EMN UN,300
RIY Index,INDX_MEMBERS,Member Ticker and Exchange Code,EMR UN,301
RIY Index,INDX_MEMBERS,Member Ticker and Exchange Code,ENOV UN,302
RIY Index,INDX_MEMBERS,Member Ticker and Exchange Code,ENPH UQ,303
RIY Index,INDX_MEMBERS,Member Ticker and Exchange Code,ENTG UW,304
RIY Index,INDX_MEMBERS,Member Ticker and Exchange Code,EOG UN,305
RIY Index,INDX_MEMBERS,Member Ticker and Exchange Code,EPAM UN,306
RIY Index,INDX_MEMBERS,Member Ticker and Exchange Code,EPR UN,307
RIY Index,INDX_MEMBERS,Member Ticker and Exchange Code,EQH UN,308
RIY Index,INDX_MEMBERS,Member Ticker and Exchange Code,EQIX UW,309
RIY Index,INDX_MEMBERS,Member Ticker and Exchange Code,EQR UN,310
RIY Index,INDX_MEMBERS,Member Ticker and Exchange Code,EQT UN,311
RIY Index,INDX_MEMBERS,Member Ticker and Exchange Code,ERIE UW,312
RIY Index,INDX_MEMBERS,Member Ticker and Exchange Code,ES UN,313
RIY Index,INDX_MEMBERS,Member Ticker and Exchange Code,ESAB UN,314
RIY Index,INDX_MEMBERS,Member Ticker and Exchange Code,ESI UN,315
RIY Index,INDX_MEMBERS,Member Ticker and Exchange Code,ESS UN,316
RIY Index,INDX_MEMBERS,Member Ticker and Exchange Code,ESTC UN,317
RIY Index,INDX_MEMBERS,Member Ticker and Exchange Code,ETN UN,318
RIY Index,INDX_MEMBERS,Member Ticker and Exchange Code,ETR UN,319
RIY Index,INDX_MEMBERS,Member Ticker and Exchange Code,ETSY UW,320
RIY Index,INDX_MEMBERS,Member Ticker and Exchange Code,EVA UN,321
RIY Index,INDX_MEMBERS,Member Ticker and Exchange Code,EVR UN,322
RIY Index,INDX_MEMBERS,Member Ticker and Exchange Code,EVRG UW,323
RIY Index,INDX_MEMBERS,Member Ticker and Exchange Code,EW UN,324
RIY Index,INDX_MEMBERS,Member Ticker and Exchange Code,EWBC UW,325
RIY Index,INDX_MEMBERS,Member Ticker and Exchange Code,EXAS UR,326
RIY Index,INDX_MEMBERS,Member Ticker and Exchange Code,EXC UW,327
RIY Index,INDX_MEMBERS,Member Ticker and Exchange Code,EXEL UW,328
RIY Index,INDX_MEMBERS,Member Ticker and Exchange Code,EXP UN,329
RIY Index,INDX_MEMBERS,Member Ticker and Exchange Code,EXPD UW,330
RIY Index,INDX_MEMBERS,Member Ticker and Exchange Code,EXPE UW,331
RIY Index,INDX_MEMBERS,Member Ticker and Exchange Code,EXR UN,332
RIY Index,INDX_MEMBERS,Member Ticker and Exchange Code,F UN,333
RIY Index,INDX_MEMBERS,Member Ticker and Exchange Code,FAF UN,334
RIY Index,INDX_MEMBERS,Member Ticker and Exchange Code,FANG UW,335
RIY Index,INDX_MEMBERS,Member Ticker and Exchange Code,FAST UW,336
RIY Index,INDX_MEMBERS,Member Ticker and Exchange Code,FBIN UN,337
RIY Index,INDX_MEMBERS,Member Ticker and Exchange Code,FCN UN,338
RIY Index,INDX_MEMBERS,Member Ticker and Exchange Code,FCNCA UW,339
RIY Index,INDX_MEMBERS,Member Ticker and Exchange Code,FCX UN,340
RIY Index,INDX_MEMBERS,Member Ticker and Exchange Code,FDS UN,341
RIY Index,INDX_MEMBERS,Member Ticker and Exchange Code,FDX UN,342
RIY Index,INDX_MEMBERS,Member Ticker and Exchange Code,FE UN,343
RIY Index,INDX_MEMBERS,Member Ticker and Exchange Code,FFIV UW,344
RIY Index,INDX_MEMBERS,Member Ticker and Exchange Code,FG UN,345
RIY Index,INDX_MEMBERS,Member Ticker and Exchange Code,FHB UW,346
RIY Index,INDX_MEMBERS,Member Ticker and Exchange Code,FHN UN,347
RIY Index,INDX_MEMBERS,Member Ticker and Exchange Code,FICO UN,348
RIY Index,INDX_MEMBERS,Member Ticker and Exchange Code,FIS UN,349
RIY Index,INDX_MEMBERS,Member Ticker and Exchange Code,FISV UW,350
RIY Index,INDX_MEMBERS,Member Ticker and Exchange Code,FITB UW,351
RIY Index,INDX_MEMBERS,Member Ticker and Exchange Code,FIVE UW,352
RIY Index,INDX_MEMBERS,Member Ticker and Exchange Code,FIVN UQ,353
RIY Index,INDX_MEMBERS,Member Ticker and Exchange Code,FLO UN,354
RIY Index,INDX_MEMBERS,Member Ticker and Exchange Code,FLS UN,355
RIY Index,INDX_MEMBERS,Member Ticker and Exchange Code,FLT UN,356
RIY Index,INDX_MEMBERS,Member Ticker and Exchange Code,FMC UN,357
RIY Index,INDX_MEMBERS,Member Ticker and Exchange Code,FNB UN,358
RIY Index,INDX_MEMBERS,Member Ticker and Exchange Code,FND UN,359
RIY Index,INDX_MEMBERS,Member Ticker and Exchange Code,FNF UN,360
RIY Index,INDX_MEMBERS,Member Ticker and Exchange Code,FOUR UN,361
RIY Index,INDX_MEMBERS,Member Ticker and Exchange Code,FOX UW,362
RIY Index,INDX_MEMBERS,Member Ticker and Exchange Code,FOXA UW,363
RIY Index,INDX_MEMBERS,Member Ticker and Exchange Code,FR UN,364
RIY Index,INDX_MEMBERS,Member Ticker and Exchange Code,FRPT UQ,365
RIY Index,INDX_MEMBERS,Member Ticker and Exchange Code,FRT UN,366
RIY Index,INDX_MEMBERS,Member Ticker and Exchange Code,FSLR UW,367
RIY Index,INDX_MEMBERS,Member Ticker and Exchange Code,FTNT UW,368
RIY Index,INDX_MEMBERS,Member Ticker and Exchange Code,FTV UN,369
RIY Index,INDX_MEMBERS,Member Ticker and Exchange Code,FWONA UW,370
RIY Index,INDX_MEMBERS,Member Ticker and Exchange Code,FWONK UW,371
RIY Index,INDX_MEMBERS,Member Ticker and Exchange Code,FYBR UW,372
RIY Index,INDX_MEMBERS,Member Ticker and Exchange Code,G UN,373
RIY Index,INDX_MEMBERS,Member Ticker and Exchange Code,GD UN,374
RIY Index,INDX_MEMBERS,Member Ticker and Exchange Code,GDDY UN,375
RIY Index,INDX_MEMBERS,Member Ticker and Exchange Code,GE UN,376
RIY Index,INDX_MEMBERS,Member Ticker and Exchange Code,GEHC UW,377
RIY Index,INDX_MEMBERS,Member Ticker and Exchange Code,GEN UW,378
RIY Index,INDX_MEMBERS,Member Ticker and Exchange Code,GFS UW,379
RIY Index,INDX_MEMBERS,Member Ticker and Exchange Code,GGG UN,380
RIY Index,INDX_MEMBERS,Member Ticker and Exchange Code,GH UW,381
RIY Index,INDX_MEMBERS,Member Ticker and Exchange Code,GILD UW,382
RIY Index,INDX_MEMBERS,Member Ticker and Exchange Code,GIS UN,383
RIY Index,INDX_MEMBERS,Member Ticker and Exchange Code,GL UN,384
RIY Index,INDX_MEMBERS,Member Ticker and Exchange Code,GLOB UN,385
RIY Index,INDX_MEMBERS,Member Ticker and Exchange Code,GLPI UW,386
RIY Index,INDX_MEMBERS,Member Ticker and Exchange Code,GLW UN,387
RIY Index,INDX_MEMBERS,Member Ticker and Exchange Code,GM UN,388
RIY Index,INDX_MEMBERS,Member Ticker and Exchange Code,GME UN,389
RIY Index,INDX_MEMBERS,Member Ticker and Exchange Code,GMED UN,390
RIY Index,INDX_MEMBERS,Member Ticker and Exchange Code,GNRC UN,391
RIY Index,INDX_MEMBERS,Member Ticker and Exchange Code,GNTX UW,392
RIY Index,INDX_MEMBERS,Member Ticker and Exchange Code,GO UW,393
RIY Index,INDX_MEMBERS,Member Ticker and Exchange Code,GOOG UW,394
RIY Index,INDX_MEMBERS,Member Ticker and Exchange Code,GOOGL UW,395
RIY Index,INDX_MEMBERS,Member Ticker and Exchange Code,GPC UN,396
RIY Index,INDX_MEMBERS,Member Ticker and Exchange Code,GPK UN,397
RIY Index,INDX_MEMBERS,Member Ticker and Exchange Code,GPN UN,398
RIY Index,INDX_MEMBERS,Member Ticker and Exchange Code,GPS UN,399
RIY Index,INDX_MEMBERS,Member Ticker and Exchange Code,GRMN UN,400
RIY Index,INDX_MEMBERS,Member Ticker and Exchange Code,GS UN,401
RIY Index,INDX_MEMBERS,Member Ticker and Exchange Code,GTES UN,402
RIY Index,INDX_MEMBERS,Member Ticker and Exchange Code,GWRE UN,403
RIY Index,INDX_MEMBERS,Member Ticker and Exchange Code,GWW UN,404
RIY Index,INDX_MEMBERS,Member Ticker and Exchange Code,GXO UN,405
RIY Index,INDX_MEMBERS,Member Ticker and Exchange Code,H UN,406
RIY Index,INDX_MEMBERS,Member Ticker and Exchange Code,HAL UN,407
RIY Index,INDX_MEMBERS,Member Ticker and Exchange Code,HAS UW,408
RIY Index,INDX_MEMBERS,Member Ticker and Exchange Code,HAYW UN,409
RIY Index,INDX_MEMBERS,Member Ticker and Exchange Code,HBAN UW,410
RIY Index,INDX_MEMBERS,Member Ticker and Exchange Code,HBI UN,411
RIY Index,INDX_MEMBERS,Member Ticker and Exchange Code,HCA UN,412
RIY Index,INDX_MEMBERS,Member Ticker and Exchange Code,HD UN,413
RIY Index,INDX_MEMBERS,Member Ticker and Exchange Code,HE UN,414
RIY Index,INDX_MEMBERS,Member Ticker and Exchange Code,HEI UN,415
RIY Index,INDX_MEMBERS,Member Ticker and Exchange Code,HEI/A UN,416
RIY Index,INDX_MEMBERS,Member Ticker and Exchange Code,HES UN,417
RIY Index,INDX_MEMBERS,Member Ticker and Exchange Code,HHC UN,418
RIY Index,INDX_MEMBERS,Member Ticker and Exchange Code,HIG UN,419
RIY Index,INDX_MEMBERS,Member Ticker and Exchange Code,HII UN,420
RIY Index,INDX_MEMBERS,Member Ticker and Exchange Code,HIW UN,421
RIY Index,INDX_MEMBERS,Member Ticker and Exchange Code,HLT UN,422
RIY Index,INDX_MEMBERS,Member Ticker and Exchange Code,HOG UN,423
RIY Index,INDX_MEMBERS,Member Ticker and Exchange Code,HOLX UW,424
RIY Index,INDX_MEMBERS,Member Ticker and Exchange Code,HON UW,425
RIY Index,INDX_MEMBERS,Member Ticker and Exchange Code,HOOD UW,426
RIY Index,INDX_MEMBERS,Member Ticker and Exchange Code,HPE UN,427
RIY Index,INDX_MEMBERS,Member Ticker and Exchange Code,HPP UN,428
RIY Index,INDX_MEMBERS,Member Ticker and Exchange Code,HPQ UN,429
RIY Index,INDX_MEMBERS,Member Ticker and Exchange Code,HR UN,430
RIY Index,INDX_MEMBERS,Member Ticker and Exchange Code,HRB UN,431
RIY Index,INDX_MEMBERS,Member Ticker and Exchange Code,HRL UN,432
RIY Index,INDX_MEMBERS,Member Ticker and Exchange Code,HSIC UW,433
RIY Index,INDX_MEMBERS,Member Ticker and Exchange Code,HST UW,434
RIY Index,INDX_MEMBERS,Member Ticker and Exchange Code,HSY UN,435
RIY Index,INDX_MEMBERS,Member Ticker and Exchange Code,HTZ UW,436
RIY Index,INDX_MEMBERS,Member Ticker and Exchange Code,HUBB UN,437
RIY Index,INDX_MEMBERS,Member Ticker and Exchange Code,HUBS UN,438
RIY Index,INDX_MEMBERS,Member Ticker and Exchange Code,HUM UN,439
RIY Index,INDX_MEMBERS,Member Ticker and Exchange Code,HUN UN,440
RIY Index,INDX_MEMBERS,Member Ticker and Exchange Code,HWM UN,441
RIY Index,INDX_MEMBERS,Member Ticker and Exchange Code,HXL UN,442
RIY Index,INDX_MEMBERS,Member Ticker and Exchange Code,HZNP UW,443
RIY Index,INDX_MEMBERS,Member Ticker and Exchange Code,IAC UW,444
RIY Index,INDX_MEMBERS,Member Ticker and Exchange Code,IART UW,445
RIY Index,INDX_MEMBERS,Member Ticker and Exchange Code,IBKR UW,446
RIY Index,INDX_MEMBERS,Member Ticker and Exchange Code,IBM UN,447
RIY Index,INDX_MEMBERS,Member Ticker and Exchange Code,ICE UN,448
RIY Index,INDX_MEMBERS,Member Ticker and Exchange Code,ICUI UW,449
RIY Index,INDX_MEMBERS,Member Ticker and Exchange Code,IDA UN,450
RIY Index,INDX_MEMBERS,Member Ticker and Exchange Code,IDXX UW,451
RIY Index,INDX_MEMBERS,Member Ticker and Exchange Code,IEX UN,452
RIY Index,INDX_MEMBERS,Member Ticker and Exchange Code,IFF UN,453
RIY Index,INDX_MEMBERS,Member Ticker and Exchange Code,ILMN UW,454
RIY Index,INDX_MEMBERS,Member Ticker and Exchange Code,INCY UW,455
RIY Index,INDX_MEMBERS,Member Ticker and Exchange Code,INFA UN,456
RIY Index,INDX_MEMBERS,Member Ticker and Exchange Code,INGR UN,457
RIY Index,INDX_MEMBERS,Member Ticker and Exchange Code,INTC UW,458
RIY Index,INDX_MEMBERS,Member Ticker and Exchange Code,INTU UW,459
RIY Index,INDX_MEMBERS,Member Ticker and Exchange Code,INVH UN,460
RIY Index,INDX_MEMBERS,Member Ticker and Exchange Code,IONS UW,461
RIY Index,INDX_MEMBERS,Member Ticker and Exchange Code,IP UN,462
RIY Index,INDX_MEMBERS,Member Ticker and Exchange Code,IPG UN,463
RIY Index,INDX_MEMBERS,Member Ticker and Exchange Code,IPGP UW,464
RIY Index,INDX_MEMBERS,Member Ticker and Exchange Code,IQV UN,465
RIY Index,INDX_MEMBERS,Member Ticker and Exchange Code,IR UN,466
RIY Index,INDX_MEMBERS,Member Ticker and Exchange Code,IRM UN,467
RIY Index,INDX_MEMBERS,Member Ticker and Exchange Code,ISRG UW,468
RIY Index,INDX_MEMBERS,Member Ticker and Exchange Code,IT UN,469
RIY Index,INDX_MEMBERS,Member Ticker and Exchange Code,ITT UN,470
RIY Index,INDX_MEMBERS,Member Ticker and Exchange Code,ITW UN,471
RIY Index,INDX_MEMBERS,Member Ticker and Exchange Code,IVZ UN,472
RIY Index,INDX_MEMBERS,Member Ticker and Exchange Code,J UN,473
RIY Index,INDX_MEMBERS,Member Ticker and Exchange Code,JAMF UW,474
RIY Index,INDX_MEMBERS,Member Ticker and Exchange Code,JAZZ UW,475
RIY Index,INDX_MEMBERS,Member Ticker and Exchange Code,JBGS UN,476
RIY Index,INDX_MEMBERS,Member Ticker and Exchange Code,JBHT UW,477
RIY Index,INDX_MEMBERS,Member Ticker and Exchange Code,JBL UN,478
RIY Index,INDX_MEMBERS,Member Ticker and Exchange Code,JBLU UW,479
RIY Index,INDX_MEMBERS,Member Ticker and Exchange Code,JCI UN,480
RIY Index,INDX_MEMBERS,Member Ticker and Exchange Code,JEF UN,481
RIY Index,INDX_MEMBERS,Member Ticker and Exchange Code,JHG UN,482
RIY Index,INDX_MEMBERS,Member Ticker and Exchange Code,JKHY UW,483
RIY Index,INDX_MEMBERS,Member Ticker and Exchange Code,JLL UN,484
RIY Index,INDX_MEMBERS,Member Ticker and Exchange Code,JNJ UN,485
RIY Index,INDX_MEMBERS,Member Ticker and Exchange Code,JNPR UN,486
RIY Index,INDX_MEMBERS,Member Ticker and Exchange Code,JPM UN,487
RIY Index,INDX_MEMBERS,Member Ticker and Exchange Code,JWN UN,488
RIY Index,INDX_MEMBERS,Member Ticker and Exchange Code,K UN,489
RIY Index,INDX_MEMBERS,Member Ticker and Exchange Code,KBR UN,490
RIY Index,INDX_MEMBERS,Member Ticker and Exchange Code,KD UN,491
RIY Index,INDX_MEMBERS,Member Ticker and Exchange Code,KDP UW,492
RIY Index,INDX_MEMBERS,Member Ticker and Exchange Code,KEX UN,493
RIY Index,INDX_MEMBERS,Member Ticker and Exchange Code,KEY UN,494
RIY Index,INDX_MEMBERS,Member Ticker and Exchange Code,KEYS UN,495
RIY Index,INDX_MEMBERS,Member Ticker and Exchange Code,KHC UW,496
RIY Index,INDX_MEMBERS,Member Ticker and Exchange Code,KIM UN,497
RIY Index,INDX_MEMBERS,Member Ticker and Exchange Code,KKR UN,498
RIY Index,INDX_MEMBERS,Member Ticker and Exchange Code,KLAC UW,499
RIY Index,INDX_MEMBERS,Member Ticker and Exchange Code,KMB UN,500
RIY Index,INDX_MEMBERS,Member Ticker and Exchange Code,KMI UN,501
RIY Index,INDX_MEMBERS,Member Ticker and Exchange Code,KMPR UN,502
RIY Index,INDX_MEMBERS,Member Ticker and Exchange Code,KMX UN,503
RIY Index,INDX_MEMBERS,Member Ticker and Exchange Code,KNF UN,504
RIY Index,INDX_MEMBERS,Member Ticker and Exchange Code,KNX UN,505
RIY Index,INDX_MEMBERS,Member Ticker and Exchange Code,KO UN,506
RIY Index,INDX_MEMBERS,Member Ticker and Exchange Code,KR UN,507
RIY Index,INDX_MEMBERS,Member Ticker and Exchange Code,KRC UN,508
RIY Index,INDX_MEMBERS,Member Ticker and Exchange Code,KSS UN,509
RIY Index,INDX_MEMBERS,Member Ticker and Exchange Code,L UN,510
RIY Index,INDX_MEMBERS,Member Ticker and Exchange Code,LAD UN,511
RIY Index,INDX_MEMBERS,Member Ticker and Exchange Code,LAMR UW,512
RIY Index,INDX_MEMBERS,Member Ticker and Exchange Code,LAZ UN,513
RIY Index,INDX_MEMBERS,Member Ticker and Exchange Code,LBRDA UW,514
RIY Index,INDX_MEMBERS,Member Ticker and Exchange Code,LBRDK UW,515
RIY Index,INDX_MEMBERS,Member Ticker and Exchange Code,LCID UW,516
RIY Index,INDX_MEMBERS,Member Ticker and Exchange Code,LDOS UN,517
RIY Index,INDX_MEMBERS,Member Ticker and Exchange Code,LEA UN,518
RIY Index,INDX_MEMBERS,Member Ticker and Exchange Code,LECO UW,519
RIY Index,INDX_MEMBERS,Member Ticker and Exchange Code,LEG UN,520
RIY Index,INDX_MEMBERS,Member Ticker and Exchange Code,LEN UN,521
RIY Index,INDX_MEMBERS,Member Ticker and Exchange Code,LEN/B UN,522
RIY Index,INDX_MEMBERS,Member Ticker and Exchange Code,LESL UW,523
RIY Index,INDX_MEMBERS,Member Ticker and Exchange Code,LFUS UW,524
RIY Index,INDX_MEMBERS,Member Ticker and Exchange Code,LH UN,525
RIY Index,INDX_MEMBERS,Member Ticker and Exchange Code,LHX UN,526
RIY Index,INDX_MEMBERS,Member Ticker and Exchange Code,LII UN,527
RIY Index,INDX_MEMBERS,Member Ticker and Exchange Code,LIN UN,528
RIY Index,INDX_MEMBERS,Member Ticker and Exchange Code,LITE UW,529
RIY Index,INDX_MEMBERS,Member Ticker and Exchange Code,LKQ UW,530
RIY Index,INDX_MEMBERS,Member Ticker and Exchange Code,LLY UN,531
RIY Index,INDX_MEMBERS,Member Ticker and Exchange Code,LMT UN,532
RIY Index,INDX_MEMBERS,Member Ticker and Exchange Code,LNC UN,533
RIY Index,INDX_MEMBERS,Member Ticker and Exchange Code,LNG UA,534
RIY Index,INDX_MEMBERS,Member Ticker and Exchange Code,LNT UW,535
RIY Index,INDX_MEMBERS,Member Ticker and Exchange Code,LOPE UW,536
RIY Index,INDX_MEMBERS,Member Ticker and Exchange Code,LOW UN,537
RIY Index,INDX_MEMBERS,Member Ticker and Exchange Code,LPLA UW,538
RIY Index,INDX_MEMBERS,Member Ticker and Exchange Code,LPX UN,539
RIY Index,INDX_MEMBERS,Member Ticker and Exchange Code,LRCX UW,540
RIY Index,INDX_MEMBERS,Member Ticker and Exchange Code,LSCC UW,541
RIY Index,INDX_MEMBERS,Member Ticker and Exchange Code,LSI UN,542
RIY Index,INDX_MEMBERS,Member Ticker and Exchange Code,LSTR UW,543
RIY Index,INDX_MEMBERS,Member Ticker and Exchange Code,LSXMA UW,544
RIY Index,INDX_MEMBERS,Member Ticker and Exchange Code,LSXMK UW,545
RIY Index,INDX_MEMBERS,Member Ticker and Exchange Code,LULU UW,546
RIY Index,INDX_MEMBERS,Member Ticker and Exchange Code,LUMN UN,547
RIY Index,INDX_MEMBERS,Member Ticker and Exchange Code,LUV UN,548
RIY Index,INDX_MEMBERS,Member Ticker and Exchange Code,LVS UN,549
RIY Index,INDX_MEMBERS,Member Ticker and Exchange Code,LW UN,550
RIY Index,INDX_MEMBERS,Member Ticker and Exchange Code,LYB UN,551
RIY Index,INDX_MEMBERS,Member Ticker and Exchange Code,LYFT UW,552
RIY Index,INDX_MEMBERS,Member Ticker and Exchange Code,LYV UN,553
RIY Index,INDX_MEMBERS,Member Ticker and Exchange Code,M UN,554
RIY Index,INDX_MEMBERS,Member Ticker and Exchange Code,MA UN,555
RIY Index,INDX_MEMBERS,Member Ticker and Exchange Code,MAA UN,556
RIY Index,INDX_MEMBERS,Member Ticker and Exchange Code,MAN UN,557
RIY Index,INDX_MEMBERS,Member Ticker and Exchange Code,MANH UW,558
RIY Index,INDX_MEMBERS,Member Ticker and Exchange Code,MAR UW,559
RIY Index,INDX_MEMBERS,Member Ticker and Exchange Code,MAS UN,560
RIY Index,INDX_MEMBERS,Member Ticker and Exchange Code,MASI UW,561
RIY Index,INDX_MEMBERS,Member Ticker and Exchange Code,MAT UW,562
RIY Index,INDX_MEMBERS,Member Ticker and Exchange Code,MBC UN,563
RIY Index,INDX_MEMBERS,Member Ticker and Exchange Code,MCD UN,564
RIY Index,INDX_MEMBERS,Member Ticker and Exchange Code,MCHP UW,565
RIY Index,INDX_MEMBERS,Member Ticker and Exchange Code,MCK UN,566
RIY Index,INDX_MEMBERS,Member Ticker and Exchange Code,MCO UN,567
RIY Index,INDX_MEMBERS,Member Ticker and Exchange Code,MCW UN,568
RIY Index,INDX_MEMBERS,Member Ticker and Exchange Code,MDB UQ,569
RIY Index,INDX_MEMBERS,Member Ticker and Exchange Code,MDLZ UW,570
RIY Index,INDX_MEMBERS,Member Ticker and Exchange Code,MDT UN,571
RIY Index,INDX_MEMBERS,Member Ticker and Exchange Code,MDU UN,572
RIY Index,INDX_MEMBERS,Member Ticker and Exchange Code,MET UN,573
RIY Index,INDX_MEMBERS,Member Ticker and Exchange Code,META UW,574
RIY Index,INDX_MEMBERS,Member Ticker and Exchange Code,MGM UN,575
RIY Index,INDX_MEMBERS,Member Ticker and Exchange Code,MHK UN,576
RIY Index,INDX_MEMBERS,Member Ticker and Exchange Code,MIDD UW,577
RIY Index,INDX_MEMBERS,Member Ticker and Exchange Code,MKC UN,578
RIY Index,INDX_MEMBERS,Member Ticker and Exchange Code,MKL UN,579
RIY Index,INDX_MEMBERS,Member Ticker and Exchange Code,MKSI UW,580
RIY Index,INDX_MEMBERS,Member Ticker and Exchange Code,MKTX UW,581
RIY Index,INDX_MEMBERS,Member Ticker and Exchange Code,MLM UN,582
RIY Index,INDX_MEMBERS,Member Ticker and Exchange Code,MMC UN,583
RIY Index,INDX_MEMBERS,Member Ticker and Exchange Code,MMM UN,584
RIY Index,INDX_MEMBERS,Member Ticker and Exchange Code,MNST UW,585
RIY Index,INDX_MEMBERS,Member Ticker and Exchange Code,MO UN,586
RIY Index,INDX_MEMBERS,Member Ticker and Exchange Code,MOH UN,587
RIY Index,INDX_MEMBERS,Member Ticker and Exchange Code,MORN UW,588
RIY Index,INDX_MEMBERS,Member Ticker and Exchange Code,MOS UN,589
RIY Index,INDX_MEMBERS,Member Ticker and Exchange Code,MP UN,590
RIY Index,INDX_MEMBERS,Member Ticker and Exchange Code,MPC UN,591
RIY Index,INDX_MEMBERS,Member Ticker and Exchange Code,MPW UN,592
RIY Index,INDX_MEMBERS,Member Ticker and Exchange Code,MPWR UW,593
RIY Index,INDX_MEMBERS,Member Ticker and Exchange Code,MRCY UW,594
RIY Index,INDX_MEMBERS,Member Ticker and Exchange Code,MRK UN,595
RIY Index,INDX_MEMBERS,Member Ticker and Exchange Code,MRNA UW,596
RIY Index,INDX_MEMBERS,Member Ticker and Exchange Code,MRO UN,597
RIY Index,INDX_MEMBERS,Member Ticker and Exchange Code,MRTX UW,598
RIY Index,INDX_MEMBERS,Member Ticker and Exchange Code,MRVI UW,599
RIY Index,INDX_MEMBERS,Member Ticker and Exchange Code,MRVL UW,600
RIY Index,INDX_MEMBERS,Member Ticker and Exchange Code,MS UN,601
RIY Index,INDX_MEMBERS,Member Ticker and Exchange Code,MSA UN,602
RIY Index,INDX_MEMBERS,Member Ticker and Exchange Code,MSCI UN,603
RIY Index,INDX_MEMBERS,Member Ticker and Exchange Code,MSFT UW,604
RIY Index,INDX_MEMBERS,Member Ticker and Exchange Code,MSGS UN,605
RIY Index,INDX_MEMBERS,Member Ticker and Exchange Code,MSI UN,606
RIY Index,INDX_MEMBERS,Member Ticker and Exchange Code,MSM UN,607
RIY Index,INDX_MEMBERS,Member Ticker and Exchange Code,MTB UN,608
RIY Index,INDX_MEMBERS,Member Ticker and Exchange Code,MTCH UW,609
RIY Index,INDX_MEMBERS,Member Ticker and Exchange Code,MTD UN,610
RIY Index,INDX_MEMBERS,Member Ticker and Exchange Code,MTG UN,611
RIY Index,INDX_MEMBERS,Member Ticker and Exchange Code,MTN UN,612
RIY Index,INDX_MEMBERS,Member Ticker and Exchange Code,MTZ UN,613
RIY Index,INDX_MEMBERS,Member Ticker and Exchange Code,MU UW,614
RIY Index,INDX_MEMBERS,Member Ticker and Exchange Code,NATI UW,615
RIY Index,INDX_MEMBERS,Member Ticker and Exchange Code,NBIX UW,616
RIY Index,INDX_MEMBERS,Member Ticker and Exchange Code,NCLH UN,617
RIY Index,INDX_MEMBERS,Member Ticker and Exchange Code,NCNO UW,618
RIY Index,INDX_MEMBERS,Member Ticker and Exchange Code,NCR UN,619
RIY Index,INDX_MEMBERS,Member Ticker and Exchange Code,NDAQ UW,620
RIY Index,INDX_MEMBERS,Member Ticker and Exchange Code,NDSN UW,621
RIY Index,INDX_MEMBERS,Member Ticker and Exchange Code,NEE UN,622
RIY Index,INDX_MEMBERS,Member Ticker and Exchange Code,NEM UN,623
RIY Index,INDX_MEMBERS,Member Ticker and Exchange Code,NET UN,624
RIY Index,INDX_MEMBERS,Member Ticker and Exchange Code,NEU UN,625
RIY Index,INDX_MEMBERS,Member Ticker and Exchange Code,NEWR UN,626
RIY Index,INDX_MEMBERS,Member Ticker and Exchange Code,NFE UW,627
RIY Index,INDX_MEMBERS,Member Ticker and Exchange Code,NFG UN,628
RIY Index,INDX_MEMBERS,Member Ticker and Exchange Code,NFLX UW,629
RIY Index,INDX_MEMBERS,Member Ticker and Exchange Code,NI UN,630
RIY Index,INDX_MEMBERS,Member Ticker and Exchange Code,NKE UN,631
RIY Index,INDX_MEMBERS,Member Ticker and Exchange Code,NLY UN,632
RIY Index,INDX_MEMBERS,Member Ticker and Exchange Code,NNN UN,633
RIY Index,INDX_MEMBERS,Member Ticker and Exchange Code,NOC UN,634
RIY Index,INDX_MEMBERS,Member Ticker and Exchange Code,NOV UN,635
RIY Index,INDX_MEMBERS,Member Ticker and Exchange Code,NOW UN,636
RIY Index,INDX_MEMBERS,Member Ticker and Exchange Code,NRG UN,637
RIY Index,INDX_MEMBERS,Member Ticker and Exchange Code,NSA UN,638
RIY Index,INDX_MEMBERS,Member Ticker and Exchange Code,NSC UN,639
RIY Index,INDX_MEMBERS,Member Ticker and Exchange Code,NTAP UW,640
RIY Index,INDX_MEMBERS,Member Ticker and Exchange Code,NTNX UW,641
RIY Index,INDX_MEMBERS,Member Ticker and Exchange Code,NTRA UW,642
RIY Index,INDX_MEMBERS,Member Ticker and Exchange Code,NTRS UW,643
RIY Index,INDX_MEMBERS,Member Ticker and Exchange Code,NUE UN,644
RIY Index,INDX_MEMBERS,Member Ticker and Exchange Code,NVAX UW,645
RIY Index,INDX_MEMBERS,Member Ticker and Exchange Code,NVCR UW,646
RIY Index,INDX_MEMBERS,Member Ticker and Exchange Code,NVDA UW,647
RIY Index,INDX_MEMBERS,Member Ticker and Exchange Code,NVR UN,648
RIY Index,INDX_MEMBERS,Member Ticker and Exchange Code,NVST UN,649
RIY Index,INDX_MEMBERS,Member Ticker and Exchange Code,NVT UN,650
RIY Index,INDX_MEMBERS,Member Ticker and Exchange Code,NWL UW,651
RIY Index,INDX_MEMBERS,Member Ticker and Exchange Code,NWS UW,652
RIY Index,INDX_MEMBERS,Member Ticker and Exchange Code,NWSA UW,653
RIY Index,INDX_MEMBERS,Member Ticker and Exchange Code,NXST UW,654
RIY Index,INDX_MEMBERS,Member Ticker and Exchange Code,NYCB UN,655
RIY Index,INDX_MEMBERS,Member Ticker and Exchange Code,NYT UN,656
RIY Index,INDX_MEMBERS,Member Ticker and Exchange Code,O UN,657
RIY Index,INDX_MEMBERS,Member Ticker and Exchange Code,OC UN,658
RIY Index,INDX_MEMBERS,Member Ticker and Exchange Code,ODFL UW,659
RIY Index,INDX_MEMBERS,Member Ticker and Exchange Code,OGE UN,660
RIY Index,INDX_MEMBERS,Member Ticker and Exchange Code,OGN UN,661
RIY Index,INDX_MEMBERS,Member Ticker and Exchange Code,OHI UN,662
RIY Index,INDX_MEMBERS,Member Ticker and Exchange Code,OKE UN,663
RIY Index,INDX_MEMBERS,Member Ticker and Exchange Code,OKTA UW,664
RIY Index,INDX_MEMBERS,Member Ticker and Exchange Code,OLED UW,665
RIY Index,INDX_MEMBERS,Member Ticker and Exchange Code,OLLI UQ,666
RIY Index,INDX_MEMBERS,Member Ticker and Exchange Code,OLN UN,667
RIY Index,INDX_MEMBERS,Member Ticker and Exchange Code,OLPX UW,668
RIY Index,INDX_MEMBERS,Member Ticker and Exchange Code,OMC UN,669
RIY Index,INDX_MEMBERS,Member Ticker and Exchange Code,OMF UN,670
RIY Index,INDX_MEMBERS,Member Ticker and Exchange Code,ON UW,671
RIY Index,INDX_MEMBERS,Member Ticker and Exchange Code,OPEN UW,672
RIY Index,INDX_MEMBERS,Member Ticker and Exchange Code,ORCL UN,673
RIY Index,INDX_MEMBERS,Member Ticker and Exchange Code,ORI UN,674
RIY Index,INDX_MEMBERS,Member Ticker and Exchange Code,ORLY UW,675
RIY Index,INDX_MEMBERS,Member Ticker and Exchange Code,OSK UN,676
RIY Index,INDX_MEMBERS,Member Ticker and Exchange Code,OTIS UN,677
RIY Index,INDX_MEMBERS,Member Ticker and Exchange Code,OVV UN,678
RIY Index,INDX_MEMBERS,Member Ticker and Exchange Code,OWL UN,679
RIY Index,INDX_MEMBERS,Member Ticker and Exchange Code,OXY UN,680
RIY Index,INDX_MEMBERS,Member Ticker and Exchange Code,OZK UW,681
RIY Index,INDX_MEMBERS,Member Ticker and Exchange Code,PACW UW,682
RIY Index,INDX_MEMBERS,Member Ticker and Exchange Code,PAG UN,683
RIY Index,INDX_MEMBERS,Member Ticker and Exchange Code,PANW UW,684
RIY Index,INDX_MEMBERS,Member Ticker and Exchange Code,PARA UW,685
RIY Index,INDX_MEMBERS,Member Ticker and Exchange Code,PARAA UW,686
RIY Index,INDX_MEMBERS,Member Ticker and Exchange Code,PATH UN,687
RIY Index,INDX_MEMBERS,Member Ticker and Exchange Code,PAYC UN,688
RIY Index,INDX_MEMBERS,Member Ticker and Exchange Code,PAYX UW,689
RIY Index,INDX_MEMBERS,Member Ticker and Exchange Code,PB UN,690
RIY Index,INDX_MEMBERS,Member Ticker and Exchange Code,PCAR UW,691
RIY Index,INDX_MEMBERS,Member Ticker and Exchange Code,PCG UN,692
RIY Index,INDX_MEMBERS,Member Ticker and Exchange Code,PCOR UN,693
RIY Index,INDX_MEMBERS,Member Ticker and Exchange Code,PCTY UW,694
RIY Index,INDX_MEMBERS,Member Ticker and Exchange Code,PDCE UW,695
RIY Index,INDX_MEMBERS,Member Ticker and Exchange Code,PEAK UN,696
RIY Index,INDX_MEMBERS,Member Ticker and Exchange Code,PEG UN,697
RIY Index,INDX_MEMBERS,Member Ticker and Exchange Code,PEGA UW,698
RIY Index,INDX_MEMBERS,Member Ticker and Exchange Code,PEN UN,699
RIY Index,INDX_MEMBERS,Member Ticker and Exchange Code,PENN UW,700
RIY Index,INDX_MEMBERS,Member Ticker and Exchange Code,PEP UW,701
RIY Index,INDX_MEMBERS,Member Ticker and Exchange Code,PFE UN,702
RIY Index,INDX_MEMBERS,Member Ticker and Exchange Code,PFG UW,703
RIY Index,INDX_MEMBERS,Member Ticker and Exchange Code,PFGC UN,704
RIY Index,INDX_MEMBERS,Member Ticker and Exchange Code,PG UN,705
RIY Index,INDX_MEMBERS,Member Ticker and Exchange Code,PGR UN,706
RIY Index,INDX_MEMBERS,Member Ticker and Exchange Code,PH UN,707
RIY Index,INDX_MEMBERS,Member Ticker and Exchange Code,PHM UN,708
RIY Index,INDX_MEMBERS,Member Ticker and Exchange Code,PII UN,709
RIY Index,INDX_MEMBERS,Member Ticker and Exchange Code,PINC UW,710
RIY Index,INDX_MEMBERS,Member Ticker and Exchange Code,PINS UN,711
RIY Index,INDX_MEMBERS,Member Ticker and Exchange Code,PK UN,712
RIY Index,INDX_MEMBERS,Member Ticker and Exchange Code,PKG UN,713
RIY Index,INDX_MEMBERS,Member Ticker and Exchange Code,PLD UN,714
RIY Index,INDX_MEMBERS,Member Ticker and Exchange Code,PLNT UN,715
RIY Index,INDX_MEMBERS,Member Ticker and Exchange Code,PLTK UW,716
RIY Index,INDX_MEMBERS,Member Ticker and Exchange Code,PLTR UN,717
RIY Index,INDX_MEMBERS,Member Ticker and Exchange Code,PLUG UR,718
RIY Index,INDX_MEMBERS,Member Ticker and Exchange Code,PM UN,719
RIY Index,INDX_MEMBERS,Member Ticker and Exchange Code,PNC UN,720
RIY Index,INDX_MEMBERS,Member Ticker and Exchange Code,PNFP UW,721
RIY Index,INDX_MEMBERS,Member Ticker and Exchange Code,PNR UN,722
RIY Index,INDX_MEMBERS,Member Ticker and Exchange Code,PNW UN,723
RIY Index,INDX_MEMBERS,Member Ticker and Exchange Code,PODD UW,724
RIY Index,INDX_MEMBERS,Member Ticker and Exchange Code,POOL UW,725
RIY Index,INDX_MEMBERS,Member Ticker and Exchange Code,POST UN,726
RIY Index,INDX_MEMBERS,Member Ticker and Exchange Code,PPC UW,727
RIY Index,INDX_MEMBERS,Member Ticker and Exchange Code,PPG UN,728
RIY Index,INDX_MEMBERS,Member Ticker and Exchange Code,PPL UN,729
RIY Index,INDX_MEMBERS,Member Ticker and Exchange Code,PRGO UN,730
RIY Index,INDX_MEMBERS,Member Ticker and Exchange Code,PRI UN,731
RIY Index,INDX_MEMBERS,Member Ticker and Exchange Code,PRU UN,732
RIY Index,INDX_MEMBERS,Member Ticker and Exchange Code,PSA UN,733
RIY Index,INDX_MEMBERS,Member Ticker and Exchange Code,PSTG UN,734
RIY Index,INDX_MEMBERS,Member Ticker and Exchange Code,PSX UN,735
RIY Index,INDX_MEMBERS,Member Ticker and Exchange Code,PTC UW,736
RIY Index,INDX_MEMBERS,Member Ticker and Exchange Code,PTON UW,737
RIY Index,INDX_MEMBERS,Member Ticker and Exchange Code,PVH UN,738
RIY Index,INDX_MEMBERS,Member Ticker and Exchange Code,PWR UN,739
RIY Index,INDX_MEMBERS,Member Ticker and Exchange Code,PXD UN,740
RIY Index,INDX_MEMBERS,Member Ticker and Exchange Code,PYCR UW,741
RIY Index,INDX_MEMBERS,Member Ticker and Exchange Code,PYPL UW,742
RIY Index,INDX_MEMBERS,Member Ticker and Exchange Code,QCOM UW,743
RIY Index,INDX_MEMBERS,Member Ticker and Exchange Code,QDEL UW,744
RIY Index,INDX_MEMBERS,Member Ticker and Exchange Code,QGEN UN,745
RIY Index,INDX_MEMBERS,Member Ticker and Exchange Code,QRVO UW,746
RIY Index,INDX_MEMBERS,Member Ticker and Exchange Code,QS UN,747
RIY Index,INDX_MEMBERS,Member Ticker and Exchange Code,R UN,748
RIY Index,INDX_MEMBERS,Member Ticker and Exchange Code,RARE UW,749
RIY Index,INDX_MEMBERS,Member Ticker and Exchange Code,RBA UN,750
RIY Index,INDX_MEMBERS,Member Ticker and Exchange Code,RBLX UN,751
RIY Index,INDX_MEMBERS,Member Ticker and Exchange Code,RCL UN,752
RIY Index,INDX_MEMBERS,Member Ticker and Exchange Code,RE UN,753
RIY Index,INDX_MEMBERS,Member Ticker and Exchange Code,REG UW,754
RIY Index,INDX_MEMBERS,Member Ticker and Exchange Code,REGN UW,755
RIY Index,INDX_MEMBERS,Member Ticker and Exchange Code,REXR UN,756
RIY Index,INDX_MEMBERS,Member Ticker and Exchange Code,REYN UW,757
RIY Index,INDX_MEMBERS,Member Ticker and Exchange Code,RF UN,758
RIY Index,INDX_MEMBERS,Member Ticker and Exchange Code,RGA UN,759
RIY Index,INDX_MEMBERS,Member Ticker and Exchange Code,RGEN UW,760
RIY Index,INDX_MEMBERS,Member Ticker and Exchange Code,RGLD UW,761
RIY Index,INDX_MEMBERS,Member Ticker and Exchange Code,RH UN,762
RIY Index,INDX_MEMBERS,Member Ticker and Exchange Code,RHI UN,763
RIY Index,INDX_MEMBERS,Member Ticker and Exchange Code,RITM UN,764
RIY Index,INDX_MEMBERS,Member Ticker and Exchange Code,RIVN UW,765
RIY Index,INDX_MEMBERS,Member Ticker and Exchange Code,RJF UN,766
RIY Index,INDX_MEMBERS,Member Ticker and Exchange Code,RKT UN,767
RIY Index,INDX_MEMBERS,Member Ticker and Exchange Code,RL UN,768
RIY Index,INDX_MEMBERS,Member Ticker and Exchange Code,RMD UN,769
RIY Index,INDX_MEMBERS,Member Ticker and Exchange Code,RNG UN,770
RIY Index,INDX_MEMBERS,Member Ticker and Exchange Code,RNR UN,771
RIY Index,INDX_MEMBERS,Member Ticker and Exchange Code,ROK UN,772
RIY Index,INDX_MEMBERS,Member Ticker and Exchange Code,ROKU UW,773
RIY Index,INDX_MEMBERS,Member Ticker and Exchange Code,ROL UN,774
RIY Index,INDX_MEMBERS,Member Ticker and Exchange Code,ROP UN,775
RIY Index,INDX_MEMBERS,Member Ticker and Exchange Code,ROST UW,776
RIY Index,INDX_MEMBERS,Member Ticker and Exchange Code,RPM UN,777
RIY Index,INDX_MEMBERS,Member Ticker and Exchange Code,RPRX UW,778
RIY Index,INDX_MEMBERS,Member Ticker and Exchange Code,RRC UN,779
RIY Index,INDX_MEMBERS,Member Ticker and Exchange Code,RRX UN,780
RIY Index,INDX_MEMBERS,Member Ticker and Exchange Code,RS UN,781
RIY Index,INDX_MEMBERS,Member Ticker and Exchange Code,RSG UN,782
RIY Index,INDX_MEMBERS,Member Ticker and Exchange Code,RTX UN,783
RIY Index,INDX_MEMBERS,Member Ticker and Exchange Code,RUN UW,784
RIY Index,INDX_MEMBERS,Member Ticker and Exchange Code,RVTY UN,785
RIY Index,INDX_MEMBERS,Member Ticker and Exchange Code,RXO UN,786
RIY Index,INDX_MEMBERS,Member Ticker and Exchange Code,RYAN UN,787
RIY Index,INDX_MEMBERS,Member Ticker and Exchange Code,RYN UN,788
RIY Index,INDX_MEMBERS,Member Ticker and Exchange Code,S UN,789
RIY Index,INDX_MEMBERS,Member Ticker and Exchange Code,SAIC UN,790
RIY Index,INDX_MEMBERS,Member Ticker and Exchange Code,SAM UN,791
RIY Index,INDX_MEMBERS,Member Ticker and Exchange Code,SBAC UW,792
RIY Index,INDX_MEMBERS,Member Ticker and Exchange Code,SBUX UW,793
RIY Index,INDX_MEMBERS,Member Ticker and Exchange Code,SCCO UN,794
RIY Index,INDX_MEMBERS,Member Ticker and Exchange Code,SCHW UN,795
RIY Index,INDX_MEMBERS,Member Ticker and Exchange Code,SCI UN,796
RIY Index,INDX_MEMBERS,Member Ticker and Exchange Code,SEB UA,797
RIY Index,INDX_MEMBERS,Member Ticker and Exchange Code,SEE UN,798
RIY Index,INDX_MEMBERS,Member Ticker and Exchange Code,SEIC UW,799
RIY Index,INDX_MEMBERS,Member Ticker and Exchange Code,SF UN,800
RIY Index,INDX_MEMBERS,Member Ticker and Exchange Code,SGEN UW,801
RIY Index,INDX_MEMBERS,Member Ticker and Exchange Code,SHC UW,802
RIY Index,INDX_MEMBERS,Member Ticker and Exchange Code,SHW UN,803
RIY Index,INDX_MEMBERS,Member Ticker and Exchange Code,SIRI UW,804
RIY Index,INDX_MEMBERS,Member Ticker and Exchange Code,SITE UN,805
RIY Index,INDX_MEMBERS,Member Ticker and Exchange Code,SIX UN,806
RIY Index,INDX_MEMBERS,Member Ticker and Exchange Code,SJM UN,807
RIY Index,INDX_MEMBERS,Member Ticker and Exchange Code,SKX UN,808
RIY Index,INDX_MEMBERS,Member Ticker and Exchange Code,SLB UN,809
RIY Index,INDX_MEMBERS,Member Ticker and Exchange Code,SLG UN,810
RIY Index,INDX_MEMBERS,Member Ticker and Exchange Code,SLGN UN,811
RIY Index,INDX_MEMBERS,Member Ticker and Exchange Code,SLM UW,812
RIY Index,INDX_MEMBERS,Member Ticker and Exchange Code,SMAR UN,813
RIY Index,INDX_MEMBERS,Member Ticker and Exchange Code,SMG UN,814
RIY Index,INDX_MEMBERS,Member Ticker and Exchange Code,SNA UN,815
RIY Index,INDX_MEMBERS,Member Ticker and Exchange Code,SNDR UN,816
RIY Index,INDX_MEMBERS,Member Ticker and Exchange Code,SNOW UN,817
RIY Index,INDX_MEMBERS,Member Ticker and Exchange Code,SNPS UW,818
RIY Index,INDX_MEMBERS,Member Ticker and Exchange Code,SNV UN,819
RIY Index,INDX_MEMBERS,Member Ticker and Exchange Code,SNX UN,820
RIY Index,INDX_MEMBERS,Member Ticker and Exchange Code,SO UN,821
RIY Index,INDX_MEMBERS,Member Ticker and Exchange Code,SOFI UW,822
RIY Index,INDX_MEMBERS,Member Ticker and Exchange Code,SON UN,823
RIY Index,INDX_MEMBERS,Member Ticker and Exchange Code,SPB UN,824
RIY Index,INDX_MEMBERS,Member Ticker and Exchange Code,SPG UN,825
RIY Index,INDX_MEMBERS,Member Ticker and Exchange Code,SPGI UN,826
RIY Index,INDX_MEMBERS,Member Ticker and Exchange Code,SPLK UW,827
RIY Index,INDX_MEMBERS,Member Ticker and Exchange Code,SPOT UN,828
RIY Index,INDX_MEMBERS,Member Ticker and Exchange Code,SPR UN,829
RIY Index,INDX_MEMBERS,Member Ticker and Exchange Code,SQ UN,830
RIY Index,INDX_MEMBERS,Member Ticker and Exchange Code,SRC UN,831
RIY Index,INDX_MEMBERS,Member Ticker and Exchange Code,SRCL UW,832
RIY Index,INDX_MEMBERS,Member Ticker and Exchange Code,SRE UN,833
RIY Index,INDX_MEMBERS,Member Ticker and Exchange Code,SRPT UW,834
RIY Index,INDX_MEMBERS,Member Ticker and Exchange Code,SSNC UW,835
RIY Index,INDX_MEMBERS,Member Ticker and Exchange Code,SSRM UW,836
RIY Index,INDX_MEMBERS,Member Ticker and Exchange Code,ST UN,837
RIY Index,INDX_MEMBERS,Member Ticker and Exchange Code,STE UN,838
RIY Index,INDX_MEMBERS,Member Ticker and Exchange Code,STLD UW,839
RIY Index,INDX_MEMBERS,Member Ticker and Exchange Code,STT UN,840
RIY Index,INDX_MEMBERS,Member Ticker and Exchange Code,STWD UN,841
RIY Index,INDX_MEMBERS,Member Ticker and Exchange Code,STZ UN,842
RIY Index,INDX_MEMBERS,Member Ticker and Exchange Code,SUI UN,843
RIY Index,INDX_MEMBERS,Member Ticker and Exchange Code,SWK UN,844
RIY Index,INDX_MEMBERS,Member Ticker and Exchange Code,SWKS UW,845
RIY Index,INDX_MEMBERS,Member Ticker and Exchange Code,SWN UN,846
RIY Index,INDX_MEMBERS,Member Ticker and Exchange Code,SYF UN,847
RIY Index,INDX_MEMBERS,Member Ticker and Exchange Code,SYK UN,848
RIY Index,INDX_MEMBERS,Member Ticker and Exchange Code,SYNH UW,849
RIY Index,INDX_MEMBERS,Member Ticker and Exchange Code,SYY UN,850
RIY Index,INDX_MEMBERS,Member Ticker and Exchange Code,T UN,851
RIY Index,INDX_MEMBERS,Member Ticker and Exchange Code,TAP UN,852
RIY Index,INDX_MEMBERS,Member Ticker and Exchange Code,TDC UN,853
RIY Index,INDX_MEMBERS,Member Ticker and Exchange Code,TDG UN,854
RIY Index,INDX_MEMBERS,Member Ticker and Exchange Code,TDOC UN,855
RIY Index,INDX_MEMBERS,Member Ticker and Exchange Code,TDY UN,856
RIY Index,INDX_MEMBERS,Member Ticker and Exchange Code,TEAM UW,857
RIY Index,INDX_MEMBERS,Member Ticker and Exchange Code,TECH UW,858
RIY Index,INDX_MEMBERS,Member Ticker and Exchange Code,TER UW,859
RIY Index,INDX_MEMBERS,Member Ticker and Exchange Code,TFC UN,860
RIY Index,INDX_MEMBERS,Member Ticker and Exchange Code,TFSL UW,861
RIY Index,INDX_MEMBERS,Member Ticker and Exchange Code,TFX UN,862
RIY Index,INDX_MEMBERS,Member Ticker and Exchange Code,TGT UN,863
RIY Index,INDX_MEMBERS,Member Ticker and Exchange Code,THC UN,864
RIY Index,INDX_MEMBERS,Member Ticker and Exchange Code,THG UN,865
RIY Index,INDX_MEMBERS,Member Ticker and Exchange Code,THO UN,866
RIY Index,INDX_MEMBERS,Member Ticker and Exchange Code,TJX UN,867
RIY Index,INDX_MEMBERS,Member Ticker and Exchange Code,TKR UN,868
RIY Index,INDX_MEMBERS,Member Ticker and Exchange Code,TMO UN,869
RIY Index,INDX_MEMBERS,Member Ticker and Exchange Code,TMUS UW,870
RIY Index,INDX_MEMBERS,Member Ticker and Exchange Code,TNDM UQ,871
RIY Index,INDX_MEMBERS,Member Ticker and Exchange Code,TNL UN,872
RIY Index,INDX_MEMBERS,Member Ticker and Exchange Code,TOL UN,873
RIY Index,INDX_MEMBERS,Member Ticker and Exchange Code,TOST UN,874
RIY Index,INDX_MEMBERS,Member Ticker and Exchange Code,TPL UN,875
RIY Index,INDX_MEMBERS,Member Ticker and Exchange Code,TPR UN,876
RIY Index,INDX_MEMBERS,Member Ticker and Exchange Code,TPX UN,877
RIY Index,INDX_MEMBERS,Member Ticker and Exchange Code,TREX UN,878
RIY Index,INDX_MEMBERS,Member Ticker and Exchange Code,TRGP UN,879
RIY Index,INDX_MEMBERS,Member Ticker and Exchange Code,TRIP UW,880
RIY Index,INDX_MEMBERS,Member Ticker and Exchange Code,TRMB UW,881
RIY Index,INDX_MEMBERS,Member Ticker and Exchange Code,TROW UW,882
RIY Index,INDX_MEMBERS,Member Ticker and Exchange Code,TRU UN,883
RIY Index,INDX_MEMBERS,Member Ticker and Exchange Code,TRV UN,884
RIY Index,INDX_MEMBERS,Member Ticker and Exchange Code,TSCO UW,885
RIY Index,INDX_MEMBERS,Member Ticker and Exchange Code,TSLA UW,886
RIY Index,INDX_MEMBERS,Member Ticker and Exchange Code,TSN UN,887
RIY Index,INDX_MEMBERS,Member Ticker and Exchange Code,TT UN,888
RIY Index,INDX_MEMBERS,Member Ticker and Exchange Code,TTC UN,889
RIY Index,INDX_MEMBERS,Member Ticker and Exchange Code,TTD UQ,890
RIY Index,INDX_MEMBERS,Member Ticker and Exchange Code,TTEK UW,891
RIY Index,INDX_MEMBERS,Member Ticker and Exchange Code,TTWO UW,892
RIY Index,INDX_MEMBERS,Member Ticker and Exchange Code,TW UW,893
RIY Index,INDX_MEMBERS,Member Ticker and Exchange Code,TWKS UW,894
RIY Index,INDX_MEMBERS,Member Ticker and Exchange Code,TWLO UN,895
RIY Index,INDX_MEMBERS,Member Ticker and Exchange Code,TXG UW,896
RIY Index,INDX_MEMBERS,Member Ticker and Exchange Code,TXN UW,897
RIY Index,INDX_MEMBERS,Member Ticker and Exchange Code,TXT UN,898
RIY Index,INDX_MEMBERS,Member Ticker and Exchange Code,TYL UN,899
RIY Index,INDX_MEMBERS,Member Ticker and Exchange Code,U UN,900
RIY Index,INDX_MEMBERS,Member Ticker and Exchange Code,UA UN,901
RIY Index,INDX_MEMBERS,Member Ticker and Exchange Code,UAA UN,902
RIY Index,INDX_MEMBERS,Member Ticker and Exchange Code,UAL UW,903
RIY Index,INDX_MEMBERS,Member Ticker and Exchange Code,UBER UN,904
RIY Index,INDX_MEMBERS,Member Ticker and Exchange Code,UDR UN,905
RIY Index,INDX_MEMBERS,Member Ticker and Exchange Code,UGI UN,906
RIY Index,INDX_MEMBERS,Member Ticker and Exchange Code,UHAL UN,907
RIY Index,INDX_MEMBERS,Member Ticker and Exchange Code,UHAL/B UN,908
RIY Index,INDX_MEMBERS,Member Ticker and Exchange Code,UHS UN,909
RIY Index,INDX_MEMBERS,Member Ticker and Exchange Code,UI UN,910
RIY Index,INDX_MEMBERS,Member Ticker and Exchange Code,ULTA UW,911
RIY Index,INDX_MEMBERS,Member Ticker and Exchange Code,UNH UN,912
RIY Index,INDX_MEMBERS,Member Ticker and Exchange Code,UNM UN,913
RIY Index,INDX_MEMBERS,Member Ticker and Exchange Code,UNP UN,914
RIY Index,INDX_MEMBERS,Member Ticker and Exchange Code,UNVR UN,915
RIY Index,INDX_MEMBERS,Member Ticker and Exchange Code,UPS UN,916
RIY Index,INDX_MEMBERS,Member Ticker and Exchange Code,UPST UW,917
RIY Index,INDX_MEMBERS,Member Ticker and Exchange Code,URI UN,918
RIY Index,INDX_MEMBERS,Member Ticker and Exchange Code,USB UN,919
RIY Index,INDX_MEMBERS,Member Ticker and Exchange Code,USFD UN,920
RIY Index,INDX_MEMBERS,Member Ticker and Exchange Code,UTHR UW,921
RIY Index,INDX_MEMBERS,Member Ticker and Exchange Code,UWMC UN,922
RIY Index,INDX_MEMBERS,Member Ticker and Exchange Code,V UN,923
RIY Index,INDX_MEMBERS,Member Ticker and Exchange Code,VAC UN,924
RIY Index,INDX_MEMBERS,Member Ticker and Exchange Code,VEEV UN,925
RIY Index,INDX_MEMBERS,Member Ticker and Exchange Code,VFC UN,926
RIY Index,INDX_MEMBERS,Member Ticker and Exchange Code,VICI UN,927
RIY Index,INDX_MEMBERS,Member Ticker and Exchange Code,VIRT UW,928
RIY Index,INDX_MEMBERS,Member Ticker and Exchange Code,VLO UN,929
RIY Index,INDX_MEMBERS,Member Ticker and Exchange Code,VMC UN,930
RIY Index,INDX_MEMBERS,Member Ticker and Exchange Code,VMI UN,931
RIY Index,INDX_MEMBERS,Member Ticker and Exchange Code,VMW UN,932
RIY Index,INDX_MEMBERS,Member Ticker and Exchange Code,VNO UN,933
RIY Index,INDX_MEMBERS,Member Ticker and Exchange Code,VNT UN,934
RIY Index,INDX_MEMBERS,Member Ticker and Exchange Code,VOYA UN,935
RIY Index,INDX_MEMBERS,Member Ticker and Exchange Code,VRSK UW,936
RIY Index,INDX_MEMBERS,Member Ticker and Exchange Code,VRSN UW,937
RIY Index,INDX_MEMBERS,Member Ticker and Exchange Code,VRT UN,938
RIY Index,INDX_MEMBERS,Member Ticker and Exchange Code,VRTX UW,939
RIY Index,INDX_MEMBERS,Member Ticker and Exchange Code,VSAT UW,940
RIY Index,INDX_MEMBERS,Member Ticker and Exchange Code,VSCO UN,941
RIY Index,INDX_MEMBERS,Member Ticker and Exchange Code,VST UN,942
RIY Index,INDX_MEMBERS,Member Ticker and Exchange Code,VTR UN,943
RIY Index,INDX_MEMBERS,Member Ticker and Exchange Code,VTRS UW,944
RIY Index,INDX_MEMBERS,Member Ticker and Exchange Code,VTS UN,945
RIY Index,INDX_MEMBERS,Member Ticker and Exchange Code,VVV UN,946
RIY Index,INDX_MEMBERS,Member Ticker and Exchange Code,VZ UN,947
RIY Index,INDX_MEMBERS,Member Ticker and Exchange Code,W UN,948
RIY Index,INDX_MEMBERS,Member Ticker and Exchange Code,WAB UN,949
RIY Index,INDX_MEMBERS,Member Ticker and Exchange Code,WAL UN,950
RIY Index,INDX_MEMBERS,Member Ticker and Exchange Code,WAT UN,951
RIY Index,INDX_MEMBERS,Member Ticker and Exchange Code,WBA UW,952
RIY Index,INDX_MEMBERS,Member Ticker and Exchange Code,WBD UW,953
RIY Index,INDX_MEMBERS,Member Ticker and Exchange Code,WBS UN,954
RIY Index,INDX_MEMBERS,Member Ticker and Exchange Code,WCC UN,955
RIY Index,INDX_MEMBERS,Member Ticker and Exchange Code,WDAY UW,956
RIY Index,INDX_MEMBERS,Member Ticker and Exchange Code,WDC UW,957
RIY Index,INDX_MEMBERS,Member Ticker and Exchange Code,WE UN,958
RIY Index,INDX_MEMBERS,Member Ticker and Exchange Code,WEC UN,959
RIY Index,INDX_MEMBERS,Member Ticker and Exchange Code,WELL UN,960
RIY Index,INDX_MEMBERS,Member Ticker and Exchange Code,WEN UW,961
RIY Index,INDX_MEMBERS,Member Ticker and Exchange Code,WEX UN,962
RIY Index,INDX_MEMBERS,Member Ticker and Exchange Code,WFC UN,963
RIY Index,INDX_MEMBERS,Member Ticker and Exchange Code,WH UN,964
RIY Index,INDX_MEMBERS,Member Ticker and Exchange Code,WHR UN,965
RIY Index,INDX_MEMBERS,Member Ticker and Exchange Code,WIX UW,966
RIY Index,INDX_MEMBERS,Member Ticker and Exchange Code,WLK UN,967
RIY Index,INDX_MEMBERS,Member Ticker and Exchange Code,WM UN,968
RIY Index,INDX_MEMBERS,Member Ticker and Exchange Code,WMB UN,969
RIY Index,INDX_MEMBERS,Member Ticker and Exchange Code,WMS UN,970
RIY Index,INDX_MEMBERS,Member Ticker and Exchange Code,WMT UN,971
RIY Index,INDX_MEMBERS,Member Ticker and Exchange Code,WOLF UN,972
RIY Index,INDX_MEMBERS,Member Ticker and Exchange Code,WOOF UW,973
RIY Index,INDX_MEMBERS,Member Ticker and Exchange Code,WPC UN,974
RIY Index,INDX_MEMBERS,Member Ticker and Exchange Code,WRB UN,975
RIY Index,INDX_MEMBERS,Member Ticker and Exchange Code,WRK UN,976
RIY Index,INDX_MEMBERS,Member Ticker and Exchange Code,WSC UR,977
RIY Index,INDX_MEMBERS,Member Ticker and Exchange Code,WSM UN,978
RIY Index,INDX_MEMBERS,Member Ticker and Exchange Code,WSO UN,979
RIY Index,INDX_MEMBERS,Member Ticker and Exchange Code,WST UN,980
RIY Index,INDX_MEMBERS,Member Ticker and Exchange Code,WTFC UW,981
RIY Index,INDX_MEMBERS,Member Ticker and Exchange Code,WTM UN,982
RIY Index,INDX_MEMBERS,Member Ticker and Exchange Code,WTRG UN,983
RIY Index,INDX_MEMBERS,Member Ticker and Exchange Code,WTW UW,984
RIY Index,INDX_MEMBERS,Member Ticker and Exchange Code,WU UN,985
RIY Index,INDX_MEMBERS,Member Ticker and Exchange Code,WWD UW,986
RIY Index,INDX_MEMBERS,Member Ticker and Exchange Code,WWE UN,987
RIY Index,INDX_MEMBERS,Member Ticker and Exchange Code,WY UN,988
RIY Index,INDX_MEMBERS,Member Ticker and Exchange Code,WYNN UW,989
RIY Index,INDX_MEMBERS,Member Ticker and Exchange Code,X UN,990
RIY Index,INDX_MEMBERS,Member Ticker and Exchange Code,XEL UW,991
RIY Index,INDX_MEMBERS,Member Ticker and Exchange Code,XOM UN,992
RIY Index,INDX_MEMBERS,Member Ticker and Exchange Code,XPO UN,993
RIY Index,INDX_MEMBERS,Member Ticker and Exchange Code,XRAY UW,994
RIY Index,INDX_MEMBERS,Member Ticker and Exchange Code,XYL UN,995
RIY Index,INDX_MEMBERS,Member Ticker and Exchange Code,YETI UN,996
RIY Index,INDX_MEMBERS,Member Ticker and Exchange Code,YUM UN,997
RIY Index,INDX_MEMBERS,Member Ticker and Exchange Code,Z UW,998
RIY Index,INDX_MEMBERS,Member Ticker and Exchange Code,ZBH UN,999
RIY Index,INDX_MEMBERS,Member Ticker and Exchange Code,ZBRA UW,1000
RIY Index,INDX_MEMBERS,Member Ticker and Exchange Code,ZG UW,1001
RIY Index,INDX_MEMBERS,Member Ticker and Exchange Code,ZI UW,1002
RIY Index,INDX_MEMBERS,Member Ticker and Exchange Code,ZION UW,1003
RIY Index,INDX_MEMBERS,Member Ticker and Exchange Code,ZM UW,1004
RIY Index,INDX_MEMBERS,Member Ticker and Exchange Code,ZS UW,1005
RIY Index,INDX_MEMBERS,Member Ticker and Exchange Code,ZTS UN,1006
